{
  "pairs": [
    {
      "model_label": "series_1",
      "real_label": "Placebo",
      "compare_mode": "interp",
      "points_compared": 13,
      "mae": 1.3882518128668875,
      "nmae": 0.04206437935911328,
      "bias": 1.1778794789698248,
      "pearson_r": 0.920322790141914,
      "ks": 14.55098642382913,
      "integral_l1": 2.500186868440343,
      "x_overlap_ratio": 0.9864506101866481,
      "x_misaligned": false,
      "excluded": {}
    },
    {
      "model_label": "series_2",
      "real_label": "AMG 157",
      "compare_mode": "interp",
      "points_compared": 12,
      "mae": 0.5264732742099226,
      "nmae": 0.025856692820271743,
      "bias": -0.15557607452243483,
      "pearson_r": 0.9911786723817797,
      "ks": 3.2315037361415193,
      "integral_l1": 1.9640989458617317,
      "x_overlap_ratio": 0.9954365383131407,
      "x_misaligned": false,
      "excluded": {}
    }
  ],
  "unmatched_model_series": [],
  "unmatched_real_series": [],
  "overall_nmae": 0.03396053608969251,
  "overall_ks": 8.891245079985325,
  "overall_integral_l1": 2.2321429071510375,
  "overall_x_misaligned": false,
  "ks_scaled_by_gt_max": -1.0408959346345086,
  "l1_scaled_by_gt_max": -0.2576548737501804,
  "ks_scaled_by_gt_yrange": 0.2742140435717162,
  "l1_scaled_by_gt_yrange": 0.08610956181470575,
  "model_series_count": 2,
  "gt_series_count": 2,
  "notes": "mae = mean absolute y-error on overlapping x-range; nmae = mae / (ymax - ymin); bias = mean(model - gt); pearson_r = correlation of interpolated curves; ks = max |model(x) - gt(x)|; integral_l1 = \u222b |model(x) - gt(x)| dx over overlap; x_overlap_ratio = overlap length / union length; x_misaligned = True when overlap too small to trust comparison."
}