{
  "pairs": [
    {
      "model_label": "Tg DC- OVA",
      "real_label": "Tg DC- OVA",
      "compare_mode": "interp",
      "points_compared": 5,
      "mae": 4.446941323345845,
      "nmae": 0.017103620474407097,
      "bias": -2.409488139825271,
      "pearson_r": 0.9987835506031055,
      "ks": 9.325842696629252,
      "integral_l1": 77.51686641697994,
      "x_overlap_ratio": 1.0,
      "x_misaligned": false,
      "excluded": {}
    },
    {
      "model_label": "Tg DC- PBS",
      "real_label": "Tg DC- PBS",
      "compare_mode": "interp",
      "points_compared": 5,
      "mae": 3.293383270911332,
      "nmae": 0.01646691635455666,
      "bias": -0.40199750312110893,
      "pearson_r": 0.9990116288962976,
      "ks": 6.604244694132262,
      "integral_l1": 61.26868913857607,
      "x_overlap_ratio": 1.0,
      "x_misaligned": false,
      "excluded": {}
    },
    {
      "model_label": "nTg DC+ OVA",
      "real_label": "nTG DC+ OVA",
      "compare_mode": "interp",
      "points_compared": 5,
      "mae": 4.530586766541819,
      "nmae": 0.008163219399174448,
      "bias": 3.0549313358301786,
      "pearson_r": 0.9998242412200159,
      "ks": 11.58551810237202,
      "integral_l1": 157.07320848938804,
      "x_overlap_ratio": 1.0,
      "x_misaligned": false,
      "excluded": {}
    },
    {
      "model_label": "nTg DC+ PBS",
      "real_label": "nTG DC+ PBS",
      "compare_mode": "interp",
      "points_compared": 5,
      "mae": 3.651685393258435,
      "nmae": 0.011997785024303232,
      "bias": -3.2272159800250164,
      "pearson_r": 0.9998393366022714,
      "ks": 9.363295880149849,
      "integral_l1": 126.6333957553058,
      "x_overlap_ratio": 1.0,
      "x_misaligned": false,
      "excluded": {}
    }
  ],
  "unmatched_model_series": [],
  "unmatched_real_series": [],
  "overall_nmae": 0.013432885313110359,
  "overall_ks": 9.219725343320846,
  "overall_integral_l1": 105.62303995006246,
  "overall_x_misaligned": false,
  "ks_scaled_by_gt_max": 0.028398331004194637,
  "l1_scaled_by_gt_max": 0.3086471998120578,
  "ks_scaled_by_gt_yrange": 0.03091258520751992,
  "l1_scaled_by_gt_yrange": 0.3258900097773666,
  "model_series_count": 4,
  "gt_series_count": 4,
  "notes": "mae = mean absolute y-error on overlapping x-range; nmae = mae / (ymax - ymin); bias = mean(model - gt); pearson_r = correlation of interpolated curves; ks = max |model(x) - gt(x)|; integral_l1 = \u222b |model(x) - gt(x)| dx over overlap; x_overlap_ratio = overlap length / union length; x_misaligned = True when overlap too small to trust comparison."
}