{
  "pairs": [
    {
      "model_label": "Tg DC- OVA",
      "real_label": "Tg DC- OVA",
      "compare_mode": "interp",
      "points_compared": 5,
      "mae": 6.590511860174729,
      "nmae": 0.025282567049808233,
      "bias": 6.590511860174729,
      "pearson_r": 0.9982237747025923,
      "ks": 14.357053682896321,
      "integral_l1": 139.60688514356906,
      "x_overlap_ratio": 1.0,
      "x_misaligned": false,
      "excluded": {}
    },
    {
      "model_label": "Tg DC- PBS",
      "real_label": "Tg DC- PBS",
      "compare_mode": "interp",
      "points_compared": 5,
      "mae": 7.598002496878891,
      "nmae": 0.03928732812600858,
      "bias": 7.598002496878891,
      "pearson_r": 0.9955514973587359,
      "ks": 22.90886392009986,
      "integral_l1": 127.81216604244611,
      "x_overlap_ratio": 1.0,
      "x_misaligned": false,
      "excluded": {}
    },
    {
      "model_label": "nTg DC+ OVA",
      "real_label": "nTG DC+ OVA",
      "compare_mode": "interp",
      "points_compared": 5,
      "mae": 7.054931335830179,
      "nmae": 0.012741826381059692,
      "bias": 7.054931335830179,
      "pearson_r": 0.999801592404271,
      "ks": 12.50936329588012,
      "integral_l1": 183.55556491885065,
      "x_overlap_ratio": 1.0,
      "x_misaligned": false,
      "excluded": {}
    },
    {
      "model_label": "nTg DC+ PBS",
      "real_label": "nTG DC+ PBS",
      "compare_mode": "interp",
      "points_compared": 5,
      "mae": 2.5580524344569087,
      "nmae": 0.0084355701934952,
      "bias": 0.7727840199749835,
      "pearson_r": 0.9998603174299446,
      "ks": 4.363295880149849,
      "integral_l1": 67.22941947565519,
      "x_overlap_ratio": 1.0,
      "x_misaligned": false,
      "excluded": {}
    }
  ],
  "unmatched_model_series": [],
  "unmatched_real_series": [],
  "overall_nmae": 0.021436822937592928,
  "overall_ks": 13.534644194756538,
  "overall_integral_l1": 129.55100889513025,
  "overall_x_misaligned": false,
  "ks_scaled_by_gt_max": 0.04860999387083569,
  "l1_scaled_by_gt_max": 0.4050782565704384,
  "ks_scaled_by_gt_yrange": 0.053445121871832084,
  "l1_scaled_by_gt_yrange": 0.4374154343207367,
  "model_series_count": 4,
  "gt_series_count": 4,
  "notes": "mae = mean absolute y-error on overlapping x-range; nmae = mae / (ymax - ymin); bias = mean(model - gt); pearson_r = correlation of interpolated curves; ks = max |model(x) - gt(x)|; integral_l1 = \u222b |model(x) - gt(x)| dx over overlap; x_overlap_ratio = overlap length / union length; x_misaligned = True when overlap too small to trust comparison."
}