{
  "pairs": [
    {
      "model_label": "series_1",
      "real_label": "Testosterone<0.35",
      "compare_mode": "interp",
      "points_compared": 601,
      "mae": 0.011148679140614603,
      "nmae": 0.061962063351863994,
      "bias": 0.009347454309019836,
      "pearson_r": 0.9900466045500073,
      "ks": 0.05400039032098469,
      "integral_l1": 5.567557816970371,
      "x_overlap_ratio": 0.9675026711260251,
      "x_misaligned": false,
      "excluded": {}
    },
    {
      "model_label": "series_2",
      "real_label": "0.7>Testosterone>=0.35",
      "compare_mode": "interp",
      "points_compared": 399,
      "mae": 0.009091119589947431,
      "nmae": 0.03366508135859561,
      "bias": 0.00756459663826468,
      "pearson_r": 0.992930583917694,
      "ks": 0.06679590629761356,
      "integral_l1": 3.0181116476882357,
      "x_overlap_ratio": 0.985978856406476,
      "x_misaligned": false,
      "excluded": {}
    },
    {
      "model_label": "series_3",
      "real_label": "0.7<=Testosterone<1.7",
      "compare_mode": "interp",
      "points_compared": 67,
      "mae": 0.062352557504287344,
      "nmae": 0.12446109364311118,
      "bias": 0.01017286048687521,
      "pearson_r": 0.9079898002625724,
      "ks": 0.25358935826216567,
      "integral_l1": 3.4677567217804124,
      "x_overlap_ratio": 0.6976198934211292,
      "x_misaligned": false,
      "excluded": {}
    },
    {
      "model_label": "series_4",
      "real_label": "Testosterone>=1.7",
      "compare_mode": "interp",
      "points_compared": 96,
      "mae": 0.002912890153523112,
      "nmae": 0.35391615365305973,
      "bias": -2.6363848255691696e-05,
      "pearson_r": 0.5359561932511396,
      "ks": 0.005733056188886643,
      "integral_l1": 0.22942036466966573,
      "x_overlap_ratio": 0.9413868478252786,
      "x_misaligned": false,
      "excluded": {}
    }
  ],
  "unmatched_model_series": [],
  "unmatched_real_series": [],
  "overall_nmae": 0.1435010980016576,
  "overall_ks": 0.09502967776741264,
  "overall_integral_l1": 3.0707116377771717,
  "overall_x_misaligned": false,
  "ks_scaled_by_gt_max": 0.09592719594333124,
  "l1_scaled_by_gt_max": 3.0903229605140994,
  "ks_scaled_by_gt_yrange": 0.9785135002531962,
  "l1_scaled_by_gt_yrange": 19.22903622182904,
  "model_series_count": 4,
  "gt_series_count": 4,
  "notes": "mae = mean absolute y-error on overlapping x-range; nmae = mae / (ymax - ymin); bias = mean(model - gt); pearson_r = correlation of interpolated curves; ks = max |model(x) - gt(x)|; integral_l1 = \u222b |model(x) - gt(x)| dx over overlap; x_overlap_ratio = overlap length / union length; x_misaligned = True when overlap too small to trust comparison."
}