{
  "pairs": [
    {
      "model_label": "Baseline",
      "real_label": "Baseline",
      "compare_mode": "interp",
      "points_compared": 5,
      "mae": 0.13767525730220428,
      "nmae": 0.1720940716277554,
      "bias": 0.12947074339528591,
      "pearson_r": 0.9045780572282859,
      "ks": 0.3663167639954952,
      "integral_l1": 0.9253122023051995,
      "x_overlap_ratio": 0.7101866329088184,
      "x_misaligned": false,
      "excluded": {}
    },
    {
      "model_label": "Early phase",
      "real_label": "Early phase",
      "compare_mode": "interp",
      "points_compared": 6,
      "mae": 0.9727535176848029,
      "nmae": 0.10573407800921769,
      "bias": 0.6488364011644033,
      "pearson_r": 0.9620603612044998,
      "ks": 1.5204538770573066,
      "integral_l1": 7.686518282431523,
      "x_overlap_ratio": 0.9766264343801226,
      "x_misaligned": false,
      "excluded": {}
    },
    {
      "model_label": "Late phase",
      "real_label": "Late phase",
      "compare_mode": "interp",
      "points_compared": 4,
      "mae": 0.0910544129893831,
      "nmae": 0.12802084919012988,
      "bias": -0.07341341055594341,
      "pearson_r": 0.9956296673218402,
      "ks": 0.23654745280520784,
      "integral_l1": 0.3196240923700843,
      "x_overlap_ratio": 0.5344651016617001,
      "x_misaligned": false,
      "excluded": {}
    },
    {
      "model_label": "Post-Albuterol",
      "real_label": "Post-Albuterol",
      "compare_mode": "interp",
      "points_compared": 3,
      "mae": 0.05849506072104053,
      "nmae": 0.36325437206239214,
      "bias": -0.016496563070721226,
      "pearson_r": NaN,
      "ks": 0.09803282939600289,
      "integral_l1": 0.15969706604052095,
      "x_overlap_ratio": 0.43119499392442684,
      "x_misaligned": false,
      "excluded": {}
    }
  ],
  "unmatched_model_series": [],
  "unmatched_real_series": [],
  "overall_nmae": 0.1922758427223738,
  "overall_ks": 0.5553377308135031,
  "overall_integral_l1": 2.272787910786832,
  "overall_x_misaligned": false,
  "ks_scaled_by_gt_max": 0.08292498271555077,
  "l1_scaled_by_gt_max": 0.2582225990952043,
  "ks_scaled_by_gt_yrange": 0.3474372037955436,
  "l1_scaled_by_gt_yrange": 0.7937815106219639,
  "model_series_count": 4,
  "gt_series_count": 4,
  "notes": "mae = mean absolute y-error on overlapping x-range; nmae = mae / (ymax - ymin); bias = mean(model - gt); pearson_r = correlation of interpolated curves; ks = max |model(x) - gt(x)|; integral_l1 = \u222b |model(x) - gt(x)| dx over overlap; x_overlap_ratio = overlap length / union length; x_misaligned = True when overlap too small to trust comparison."
}