pc baseline in blood,
X,Y
18,124.5016213917389
42,106.13470841528891
72,100.05581840412523
168,100.30567221306683
