{
  "pairs": [
    {
      "model_label": "challenged",
      "real_label": "challenged",
      "compare_mode": "interp",
      "points_compared": 4,
      "mae": 0.05567475646567288,
      "nmae": 0.07953536637953267,
      "bias": 0.015835379932262583,
      "pearson_r": 0.9743928477546584,
      "ks": 0.08030237663119166,
      "integral_l1": 1.5149353581857181,
      "x_overlap_ratio": 0.9949785064105354,
      "x_misaligned": false,
      "excluded": {}
    },
    {
      "model_label": "sensitized/challenged",
      "real_label": "sensitized/challenged",
      "compare_mode": "interp",
      "points_compared": 4,
      "mae": 0.15537101181878965,
      "nmae": 0.052610696098081805,
      "bias": -0.15537101181878965,
      "pearson_r": 0.9974157344450368,
      "ks": 0.26575205948921443,
      "integral_l1": 3.910458291979393,
      "x_overlap_ratio": 0.9841596111317088,
      "x_misaligned": false,
      "excluded": {}
    }
  ],
  "unmatched_model_series": [],
  "unmatched_real_series": [],
  "overall_nmae": 0.06607303123880723,
  "overall_ks": 0.17302721806020305,
  "overall_integral_l1": 2.7126968250825554,
  "overall_x_misaligned": false,
  "ks_scaled_by_gt_max": 0.04971798630991571,
  "l1_scaled_by_gt_max": 0.8140996771948706,
  "ks_scaled_by_gt_yrange": 0.052451066104827346,
  "l1_scaled_by_gt_yrange": 1.7441633414969067,
  "model_series_count": 2,
  "gt_series_count": 2,
  "notes": "mae = mean absolute y-error on overlapping x-range; nmae = mae / (ymax - ymin); bias = mean(model - gt); pearson_r = correlation of interpolated curves; ks = max |model(x) - gt(x)|; integral_l1 = \u222b |model(x) - gt(x)| dx over overlap; x_overlap_ratio = overlap length / union length; x_misaligned = True when overlap too small to trust comparison."
}