{
  "pairs": [
    {
      "model_label": "Tg DC- OVA",
      "real_label": "Tg DC- OVA",
      "compare_mode": "interp",
      "points_compared": 5,
      "mae": 16.70411985018732,
      "nmae": 0.055680399500624395,
      "bias": -4.409488139825271,
      "pearson_r": 0.993874231129888,
      "ks": 30.736579275905115,
      "integral_l1": 416.4653558052449,
      "x_overlap_ratio": 1.0,
      "x_misaligned": false,
      "excluded": {}
    },
    {
      "model_label": "Tg DC- PBS",
      "real_label": "Tg DC- PBS",
      "compare_mode": "interp",
      "points_compared": 5,
      "mae": 8.239700374531797,
      "nmae": 0.03923666845015141,
      "bias": 5.598002496878891,
      "pearson_r": 0.996366186408262,
      "ks": 12.908863920099861,
      "integral_l1": 169.3829962546807,
      "x_overlap_ratio": 1.0,
      "x_misaligned": false,
      "excluded": {}
    },
    {
      "model_label": "nTg DC+ OVA",
      "real_label": "nTG DC+ OVA",
      "compare_mode": "interp",
      "points_compared": 5,
      "mae": 6.36953807740324,
      "nmae": 0.011503945885005626,
      "bias": -1.9450686641698212,
      "pearson_r": 0.9992263114406579,
      "ks": 18.41448189762798,
      "integral_l1": 222.9424282147316,
      "x_overlap_ratio": 1.0,
      "x_misaligned": false,
      "excluded": {}
    },
    {
      "model_label": "nTg DC+ PBS",
      "real_label": "nTG DC+ PBS",
      "compare_mode": "interp",
      "points_compared": 5,
      "mae": 8.004993757802755,
      "nmae": 0.02587570621468929,
      "bias": -2.2272159800250164,
      "pearson_r": 0.9973594092289328,
      "ks": 11.061173533083547,
      "integral_l1": 170.5347253433207,
      "x_overlap_ratio": 1.0,
      "x_misaligned": false,
      "excluded": {}
    }
  ],
  "unmatched_model_series": [],
  "unmatched_real_series": [],
  "overall_nmae": 0.03307418001261768,
  "overall_ks": 18.280274656679126,
  "overall_integral_l1": 244.83137640449448,
  "overall_x_misaligned": false,
  "ks_scaled_by_gt_max": 0.05868994146044958,
  "l1_scaled_by_gt_max": 0.7941430245587218,
  "ks_scaled_by_gt_yrange": 0.06503725658599545,
  "l1_scaled_by_gt_yrange": 0.8789698233097896,
  "model_series_count": 4,
  "gt_series_count": 4,
  "notes": "mae = mean absolute y-error on overlapping x-range; nmae = mae / (ymax - ymin); bias = mean(model - gt); pearson_r = correlation of interpolated curves; ks = max |model(x) - gt(x)|; integral_l1 = \u222b |model(x) - gt(x)| dx over overlap; x_overlap_ratio = overlap length / union length; x_misaligned = True when overlap too small to trust comparison."
}