{
  "pairs": [
    {
      "model_label": "s2",
      "real_label": "Testosterone<20OnlyAfterSixMonths",
      "compare_mode": "interp",
      "points_compared": 32,
      "mae": 0.03296813671728655,
      "nmae": 0.0666682484108761,
      "bias": 0.004584784299989347,
      "pearson_r": 0.9487548573215479,
      "ks": 0.2619735566527682,
      "integral_l1": 1.8914343723074785,
      "x_overlap_ratio": 0.7058057025496807,
      "x_misaligned": false,
      "excluded": {}
    },
    {
      "model_label": "s3",
      "real_label": "Testosterone<20AlreadyBeforeSixMonths",
      "compare_mode": "interp",
      "points_compared": 39,
      "mae": 0.015584467813229391,
      "nmae": 0.05752273105646135,
      "bias": 0.0015753726445502702,
      "pearson_r": 0.973407866225488,
      "ks": 0.08087682867447532,
      "integral_l1": 1.316008984894469,
      "x_overlap_ratio": 0.7307899752063066,
      "x_misaligned": false,
      "excluded": {}
    },
    {
      "model_label": "s1",
      "real_label": "Testosterone>20",
      "compare_mode": "interp",
      "points_compared": 19,
      "mae": 0.037396437842243106,
      "nmae": 0.08307594419071666,
      "bias": -0.01114699286677475,
      "pearson_r": 0.9653300602800446,
      "ks": 0.12289119438922269,
      "integral_l1": 1.4032865751107324,
      "x_overlap_ratio": 0.9801784165240426,
      "x_misaligned": false,
      "excluded": {}
    }
  ],
  "unmatched_model_series": [],
  "unmatched_real_series": [],
  "overall_nmae": 0.0690889745526847,
  "overall_ks": 0.15524719323882208,
  "overall_integral_l1": 1.5369099774375599,
  "overall_x_misaligned": false,
  "ks_scaled_by_gt_max": 0.15682338854316435,
  "l1_scaled_by_gt_max": 1.5558115365336995,
  "ks_scaled_by_gt_yrange": 0.3698468969903021,
  "l1_scaled_by_gt_yrange": 3.933227792351218,
  "model_series_count": 3,
  "gt_series_count": 3,
  "notes": "mae = mean absolute y-error on overlapping x-range; nmae = mae / (ymax - ymin); bias = mean(model - gt); pearson_r = correlation of interpolated curves; ks = max |model(x) - gt(x)|; integral_l1 = \u222b |model(x) - gt(x)| dx over overlap; x_overlap_ratio = overlap length / union length; x_misaligned = True when overlap too small to trust comparison."
}