{
  "pairs": [
    {
      "model_label": "Baseline",
      "real_label": "Baseline",
      "compare_mode": "interp",
      "points_compared": 6,
      "mae": 0.05090705085246191,
      "nmae": 0.07395327796453424,
      "bias": 0.04930931504222932,
      "pearson_r": 0.9937611718598374,
      "ks": 0.08836774046547857,
      "integral_l1": 0.5237899460297888,
      "x_overlap_ratio": 0.9828475723291683,
      "x_misaligned": false,
      "excluded": {}
    },
    {
      "model_label": "Early phase",
      "real_label": "Early phase",
      "compare_mode": "interp",
      "points_compared": 5,
      "mae": 0.08566677485610263,
      "nmae": 0.010166141166601651,
      "bias": 0.00428581048163359,
      "pearson_r": 0.9995967234567518,
      "ks": 0.15699022503441995,
      "integral_l1": 0.5040956895754175,
      "x_overlap_ratio": 0.9889181391639175,
      "x_misaligned": false,
      "excluded": {}
    },
    {
      "model_label": "Late phase",
      "real_label": "Late phase",
      "compare_mode": "interp",
      "points_compared": 5,
      "mae": 0.06433190142339287,
      "nmae": 0.08146166522444345,
      "bias": 0.048505123581487994,
      "pearson_r": 0.9799169077521682,
      "ks": 0.12512351128712895,
      "integral_l1": 0.508143173604412,
      "x_overlap_ratio": 0.9831788022462324,
      "x_misaligned": false,
      "excluded": {}
    },
    {
      "model_label": "Post-Albuterol",
      "real_label": "Post-Albuterol",
      "compare_mode": "interp",
      "points_compared": 5,
      "mae": 0.07891555133787445,
      "nmae": 0.2982488721755412,
      "bias": 0.07891555133787445,
      "pearson_r": 0.7177125269289929,
      "ks": 0.1445963110010584,
      "integral_l1": 0.6874101837518513,
      "x_overlap_ratio": 0.9892120448854497,
      "x_misaligned": false,
      "excluded": {}
    }
  ],
  "unmatched_model_series": [],
  "unmatched_real_series": [],
  "overall_nmae": 0.11595748913278013,
  "overall_ks": 0.12876944694702147,
  "overall_integral_l1": 0.5558597482403673,
  "overall_x_misaligned": false,
  "ks_scaled_by_gt_max": 0.03413961011936745,
  "l1_scaled_by_gt_max": 0.15923609770665031,
  "ks_scaled_by_gt_yrange": 0.22786369783413776,
  "l1_scaled_by_gt_yrange": 1.0155357294000997,
  "model_series_count": 4,
  "gt_series_count": 4,
  "notes": "mae = mean absolute y-error on overlapping x-range; nmae = mae / (ymax - ymin); bias = mean(model - gt); pearson_r = correlation of interpolated curves; ks = max |model(x) - gt(x)|; integral_l1 = \u222b |model(x) - gt(x)| dx over overlap; x_overlap_ratio = overlap length / union length; x_misaligned = True when overlap too small to trust comparison."
}