{
  "pairs": [
    {
      "model_label": "s1",
      "real_label": "Testosterone<0.35",
      "compare_mode": "interp",
      "points_compared": 49,
      "mae": 0.01037656074483406,
      "nmae": 0.05610526467184116,
      "bias": 0.0067265249778015465,
      "pearson_r": 0.9671409273666302,
      "ks": 0.06710032049264913,
      "integral_l1": 3.485068547611065,
      "x_overlap_ratio": 0.969310756941756,
      "x_misaligned": false,
      "excluded": {}
    },
    {
      "model_label": "s2",
      "real_label": "0.7>Testosterone>=0.35",
      "compare_mode": "interp",
      "points_compared": 29,
      "mae": 0.021241296653870714,
      "nmae": 0.07092512931077836,
      "bias": 0.003430740025887709,
      "pearson_r": 0.9543720547849325,
      "ks": 0.07435409345857358,
      "integral_l1": 4.142184592142039,
      "x_overlap_ratio": 0.9604086881294902,
      "x_misaligned": false,
      "excluded": {}
    },
    {
      "model_label": "s3",
      "real_label": "0.7<=Testosterone<1.7",
      "compare_mode": "interp",
      "points_compared": 7,
      "mae": 0.1060942164575895,
      "nmae": 0.20467846292396433,
      "bias": 0.02272777873040726,
      "pearson_r": 0.7779389316513312,
      "ks": 0.3331226038872408,
      "integral_l1": 3.785947353623058,
      "x_overlap_ratio": 0.606751700969253,
      "x_misaligned": false,
      "excluded": {}
    },
    {
      "model_label": "s4",
      "real_label": "Testosterone>=1.7",
      "compare_mode": "interp",
      "points_compared": 9,
      "mae": 0.017346400029234512,
      "nmae": 0.5906523446672132,
      "bias": 0.017346400029234512,
      "pearson_r": 0.28063242008277306,
      "ks": 0.02874421048579956,
      "integral_l1": 1.2894524177653244,
      "x_overlap_ratio": 0.9826976978517387,
      "x_misaligned": false,
      "excluded": {}
    }
  ],
  "unmatched_model_series": [],
  "unmatched_real_series": [],
  "overall_nmae": 0.23059030039344924,
  "overall_ks": 0.12583030708106577,
  "overall_integral_l1": 3.175663227785372,
  "overall_x_misaligned": false,
  "ks_scaled_by_gt_max": 0.1343301338849472,
  "l1_scaled_by_gt_max": 3.2870579649032625,
  "ks_scaled_by_gt_yrange": 3.8596625998320273,
  "l1_scaled_by_gt_yrange": 20.971161788469583,
  "model_series_count": 4,
  "gt_series_count": 4,
  "notes": "mae = mean absolute y-error on overlapping x-range; nmae = mae / (ymax - ymin); bias = mean(model - gt); pearson_r = correlation of interpolated curves; ks = max |model(x) - gt(x)|; integral_l1 = \u222b |model(x) - gt(x)| dx over overlap; x_overlap_ratio = overlap length / union length; x_misaligned = True when overlap too small to trust comparison."
}