{
  "pairs": [
    {
      "model_label": "Tg DC- OVA",
      "real_label": "Tg DC- OVA",
      "compare_mode": "interp",
      "points_compared": 5,
      "mae": 5.193508114856423,
      "nmae": 0.019923371647509555,
      "bias": 3.590511860174729,
      "pearson_r": 0.9987275798752382,
      "ks": 10.736579275905115,
      "integral_l1": 144.43733458177343,
      "x_overlap_ratio": 1.0,
      "x_misaligned": false,
      "excluded": {}
    },
    {
      "model_label": "Tg DC- PBS",
      "real_label": "Tg DC- PBS",
      "compare_mode": "interp",
      "points_compared": 5,
      "mae": 8.85642946317104,
      "nmae": 0.04217347363414781,
      "bias": -8.401997503121109,
      "pearson_r": 0.9988903080648888,
      "ks": 16.604244694132262,
      "integral_l1": 159.81383270911422,
      "x_overlap_ratio": 1.0,
      "x_misaligned": false,
      "excluded": {}
    },
    {
      "model_label": "nTg DC+ OVA",
      "real_label": "nTG DC+ OVA",
      "compare_mode": "interp",
      "points_compared": 5,
      "mae": 2.530586766541819,
      "nmae": 0.004559615795570845,
      "bias": 1.0549313358301788,
      "pearson_r": 0.9999464820500102,
      "ks": 4.868913857677853,
      "integral_l1": 63.32320848938802,
      "x_overlap_ratio": 1.0,
      "x_misaligned": false,
      "excluded": {}
    },
    {
      "model_label": "nTg DC+ PBS",
      "real_label": "nTG DC+ PBS",
      "compare_mode": "interp",
      "points_compared": 5,
      "mae": 4.227215980025017,
      "nmae": 0.013664245359160767,
      "bias": -4.227215980025017,
      "pearson_r": 0.9997507132184122,
      "ks": 9.363295880149849,
      "integral_l1": 97.15239388264753,
      "x_overlap_ratio": 1.0,
      "x_misaligned": false,
      "excluded": {}
    }
  ],
  "unmatched_model_series": [],
  "unmatched_real_series": [],
  "overall_nmae": 0.020080176609097243,
  "overall_ks": 10.39325842696627,
  "overall_integral_l1": 116.18169241573081,
  "overall_x_misaligned": false,
  "ks_scaled_by_gt_max": 0.038765614857606406,
  "l1_scaled_by_gt_max": 0.4212319129758545,
  "ks_scaled_by_gt_yrange": 0.04226732123582277,
  "l1_scaled_by_gt_yrange": 0.43581136040241913,
  "model_series_count": 4,
  "gt_series_count": 4,
  "notes": "mae = mean absolute y-error on overlapping x-range; nmae = mae / (ymax - ymin); bias = mean(model - gt); pearson_r = correlation of interpolated curves; ks = max |model(x) - gt(x)|; integral_l1 = \u222b |model(x) - gt(x)| dx over overlap; x_overlap_ratio = overlap length / union length; x_misaligned = True when overlap too small to trust comparison."
}