{
  "pairs": [
    {
      "model_label": "20 \u2013 49 ng/dL",
      "real_label": "Testosterone20-50",
      "compare_mode": "interp",
      "points_compared": 14,
      "mae": 0.006318548594211846,
      "nmae": 0.09157316803205574,
      "bias": -0.006215133931965037,
      "pearson_r": 0.9834637539526226,
      "ks": 0.013172121239764259,
      "integral_l1": 0.05467324629533574,
      "x_overlap_ratio": 0.9434979495025366,
      "x_misaligned": false,
      "excluded": {}
    },
    {
      "model_label": "< 20 ng/dL",
      "real_label": "Testosterone<20",
      "compare_mode": "interp",
      "points_compared": 10,
      "mae": 0.0028413066613627,
      "nmae": 0.06532449065465833,
      "bias": -0.0028413066613627,
      "pearson_r": 0.9779619931414482,
      "ks": 0.012445599105611875,
      "integral_l1": 0.03123211361133543,
      "x_overlap_ratio": 0.8632393153709695,
      "x_misaligned": false,
      "excluded": {}
    }
  ],
  "unmatched_model_series": [],
  "unmatched_real_series": [],
  "overall_nmae": 0.07844882934335703,
  "overall_ks": 0.012808860172688067,
  "overall_integral_l1": 0.042952679953335585,
  "overall_x_misaligned": false,
  "ks_scaled_by_gt_max": 0.22918112400931037,
  "l1_scaled_by_gt_max": 0.7267771115873436,
  "ks_scaled_by_gt_yrange": 0.23855678645682105,
  "l1_scaled_by_gt_yrange": 0.7552117567701322,
  "model_series_count": 2,
  "gt_series_count": 2,
  "notes": "mae = mean absolute y-error on overlapping x-range; nmae = mae / (ymax - ymin); bias = mean(model - gt); pearson_r = correlation of interpolated curves; ks = max |model(x) - gt(x)|; integral_l1 = \u222b |model(x) - gt(x)| dx over overlap; x_overlap_ratio = overlap length / union length; x_misaligned = True when overlap too small to trust comparison."
}