{
  "pairs": [
    {
      "model_label": "Serum testosterone levels < 20 ng/dL",
      "real_label": "SerumTestosterone<20",
      "compare_mode": "interp",
      "points_compared": 6,
      "mae": 0.038623079821452244,
      "nmae": 0.08962507696796838,
      "bias": 0.032284585938436104,
      "pearson_r": 0.9674333155760346,
      "ks": 0.14662825098506138,
      "integral_l1": 3.149237519312525,
      "x_overlap_ratio": 0.96,
      "x_misaligned": false,
      "excluded": {}
    },
    {
      "model_label": "Serum testosterone levels 20\u201350 ng/dL",
      "real_label": "SerumTestosterone>50",
      "compare_mode": "interp",
      "points_compared": 8,
      "mae": 0.07402538122027125,
      "nmae": 0.08662300469215818,
      "bias": 0.019088080603843927,
      "pearson_r": 0.975857044899537,
      "ks": 0.18272175331989898,
      "integral_l1": 8.42119243385736,
      "x_overlap_ratio": 0.96,
      "x_misaligned": false,
      "excluded": {}
    },
    {
      "model_label": "Serum testosterone levels > 50 ng/dL",
      "real_label": "SerumTestosterone20-50",
      "compare_mode": "interp",
      "points_compared": 8,
      "mae": 0.07815459179336194,
      "nmae": 0.15324429763404301,
      "bias": 0.07072999654602953,
      "pearson_r": 0.9277025976475249,
      "ks": 0.21081064491473223,
      "integral_l1": 11.646720257733966,
      "x_overlap_ratio": 0.9615384615384616,
      "x_misaligned": false,
      "excluded": {}
    }
  ],
  "unmatched_model_series": [],
  "unmatched_real_series": [],
  "overall_nmae": 0.10983079309805653,
  "overall_ks": 0.18005354973989754,
  "overall_integral_l1": 7.739050070301285,
  "overall_x_misaligned": false,
  "ks_scaled_by_gt_max": 0.18023099045739777,
  "l1_scaled_by_gt_max": 7.7466768157846575,
  "ks_scaled_by_gt_yrange": 0.27977909897666314,
  "l1_scaled_by_gt_yrange": 13.33294638743609,
  "model_series_count": 3,
  "gt_series_count": 3,
  "notes": "mae = mean absolute y-error on overlapping x-range; nmae = mae / (ymax - ymin); bias = mean(model - gt); pearson_r = correlation of interpolated curves; ks = max |model(x) - gt(x)|; integral_l1 = \u222b |model(x) - gt(x)| dx over overlap; x_overlap_ratio = overlap length / union length; x_misaligned = True when overlap too small to trust comparison."
}