{
  "pairs": [
    {
      "model_label": "challenged",
      "real_label": "challenged",
      "compare_mode": "interp",
      "points_compared": 4,
      "mae": 0.1306747564656729,
      "nmae": 0.13755237522702407,
      "bias": 0.04083537993226266,
      "pearson_r": 0.9304485555549319,
      "ks": 0.18030237663119175,
      "integral_l1": 2.374310358185719,
      "x_overlap_ratio": 0.9949785064105354,
      "x_misaligned": false,
      "excluded": {}
    },
    {
      "model_label": "sensitized/challenged",
      "real_label": "sensitized/challenged",
      "compare_mode": "interp",
      "points_compared": 4,
      "mae": 0.16787101181878955,
      "nmae": 0.05684336275531527,
      "bias": -0.16787101181878955,
      "pearson_r": 0.9982977529718029,
      "ks": 0.26575205948921443,
      "integral_l1": 3.9885832919793907,
      "x_overlap_ratio": 0.9841596111317088,
      "x_misaligned": false,
      "excluded": {}
    }
  ],
  "unmatched_model_series": [],
  "unmatched_real_series": [],
  "overall_nmae": 0.09719786899116967,
  "overall_ks": 0.2230272180602031,
  "overall_integral_l1": 3.1814468250825545,
  "overall_x_misaligned": false,
  "ks_scaled_by_gt_max": 0.07447416734487738,
  "l1_scaled_by_gt_max": 1.0356198487154278,
  "ks_scaled_by_gt_yrange": 0.07592883407195078,
  "l1_scaled_by_gt_yrange": 1.9249307710064536,
  "model_series_count": 2,
  "gt_series_count": 2,
  "notes": "mae = mean absolute y-error on overlapping x-range; nmae = mae / (ymax - ymin); bias = mean(model - gt); pearson_r = correlation of interpolated curves; ks = max |model(x) - gt(x)|; integral_l1 = \u222b |model(x) - gt(x)| dx over overlap; x_overlap_ratio = overlap length / union length; x_misaligned = True when overlap too small to trust comparison."
}