{
  "pairs": [
    {
      "model_label": "s3",
      "real_label": "SerumTestosterone>50",
      "compare_mode": "interp",
      "points_compared": 40,
      "mae": 0.05434220316176848,
      "nmae": 0.06354199888114805,
      "bias": -0.014571612255421845,
      "pearson_r": 0.9727989810977622,
      "ks": 0.16240864957053555,
      "integral_l1": 6.25437768016876,
      "x_overlap_ratio": 0.8090216869987175,
      "x_misaligned": false,
      "excluded": {}
    },
    {
      "model_label": "s2",
      "real_label": "SerumTestosterone20-50",
      "compare_mode": "interp",
      "points_compared": 31,
      "mae": 0.08127130301850764,
      "nmae": 0.10534944001677868,
      "bias": -0.06660416455572353,
      "pearson_r": 0.7932496152939278,
      "ks": 0.44107555831600137,
      "integral_l1": 3.7510882741575307,
      "x_overlap_ratio": 0.6575111338165048,
      "x_misaligned": false,
      "excluded": {}
    },
    {
      "model_label": "s1",
      "real_label": "SerumTestosterone<20",
      "compare_mode": "interp",
      "points_compared": 31,
      "mae": 0.030438528023654755,
      "nmae": 0.06977395596786876,
      "bias": 0.008303524917791974,
      "pearson_r": 0.9482250264046578,
      "ks": 0.20317727931861274,
      "integral_l1": 1.6409775665719517,
      "x_overlap_ratio": 0.976311563169165,
      "x_misaligned": false,
      "excluded": {}
    }
  ],
  "unmatched_model_series": [],
  "unmatched_real_series": [],
  "overall_nmae": 0.07955513162193183,
  "overall_ks": 0.26888716240171656,
  "overall_integral_l1": 3.882147840299414,
  "overall_x_misaligned": false,
  "ks_scaled_by_gt_max": 0.2945431021498184,
  "l1_scaled_by_gt_max": 4.1019096404884605,
  "ks_scaled_by_gt_yrange": 0.41924780981964666,
  "l1_scaled_by_gt_yrange": 5.312406828697726,
  "model_series_count": 3,
  "gt_series_count": 3,
  "notes": "mae = mean absolute y-error on overlapping x-range; nmae = mae / (ymax - ymin); bias = mean(model - gt); pearson_r = correlation of interpolated curves; ks = max |model(x) - gt(x)|; integral_l1 = \u222b |model(x) - gt(x)| dx over overlap; x_overlap_ratio = overlap length / union length; x_misaligned = True when overlap too small to trust comparison."
}