{
  "pairs": [
    {
      "model_label": "placebo",
      "real_label": "placebo",
      "compare_mode": "interp",
      "points_compared": 8,
      "mae": 0.003713303144608715,
      "nmae": 0.008439325328656171,
      "bias": 0.0009201109120535733,
      "pearson_r": 0.9996935658839772,
      "ks": 0.010999918976584144,
      "integral_l1": 1.7667151306727957,
      "x_overlap_ratio": 1.0,
      "x_misaligned": false,
      "excluded": {}
    },
    {
      "model_label": "salbutamol",
      "real_label": "salbutamol",
      "compare_mode": "interp",
      "points_compared": 8,
      "mae": 0.0023670765851329656,
      "nmae": 0.004226922473451724,
      "bias": 0.0010775214036854996,
      "pearson_r": 0.9999738581102455,
      "ks": 0.004155600968679618,
      "integral_l1": 1.0599406728542826,
      "x_overlap_ratio": 1.0,
      "x_misaligned": false,
      "excluded": {}
    }
  ],
  "unmatched_model_series": [],
  "unmatched_real_series": [],
  "overall_nmae": 0.006333123901053948,
  "overall_ks": 0.007577759972631881,
  "overall_integral_l1": 1.4133279017635392,
  "overall_x_misaligned": false,
  "ks_scaled_by_gt_max": 0.0025518927875257834,
  "l1_scaled_by_gt_max": 0.47763370930613486,
  "ks_scaled_by_gt_yrange": 0.016632522927638463,
  "l1_scaled_by_gt_yrange": 2.9540064310727474,
  "model_series_count": 2,
  "gt_series_count": 2,
  "notes": "mae = mean absolute y-error on overlapping x-range; nmae = mae / (ymax - ymin); bias = mean(model - gt); pearson_r = correlation of interpolated curves; ks = max |model(x) - gt(x)|; integral_l1 = \u222b |model(x) - gt(x)| dx over overlap; x_overlap_ratio = overlap length / union length; x_misaligned = True when overlap too small to trust comparison."
}