{
  "pairs": [
    {
      "model_label": "s1",
      "real_label": "Baseline",
      "compare_mode": "interp",
      "points_compared": 10,
      "mae": 0.1462882744014518,
      "nmae": 0.19052773233782666,
      "bias": 0.1462882744014518,
      "pearson_r": 0.9831657725944224,
      "ks": 0.22488715041715102,
      "integral_l1": 1.095465598875625,
      "x_overlap_ratio": 0.9969851814403666,
      "x_misaligned": false,
      "excluded": {}
    },
    {
      "model_label": "s2",
      "real_label": "Early phase",
      "compare_mode": "interp",
      "points_compared": 10,
      "mae": 0.08530979906879574,
      "nmae": 0.008637625050052933,
      "bias": -0.029496669545750455,
      "pearson_r": 0.9995919379091073,
      "ks": 0.3167752102173438,
      "integral_l1": 0.5437662473253405,
      "x_overlap_ratio": 0.9947748732934502,
      "x_misaligned": false,
      "excluded": {}
    },
    {
      "model_label": "s3",
      "real_label": "Late phase",
      "compare_mode": "interp",
      "points_compared": 10,
      "mae": 0.07624374953902549,
      "nmae": 0.09254068999269204,
      "bias": 0.07624374953902549,
      "pearson_r": 0.9947805253248563,
      "ks": 0.13199454544049782,
      "integral_l1": 0.61203139571842,
      "x_overlap_ratio": 0.9991830514355852,
      "x_misaligned": false,
      "excluded": {}
    },
    {
      "model_label": "s4",
      "real_label": "Post-Albuterol",
      "compare_mode": "interp",
      "points_compared": 9,
      "mae": 0.04618705263710589,
      "nmae": 0.20101985253368315,
      "bias": -0.023730984685361375,
      "pearson_r": 0.395270717120776,
      "ks": 0.1382260297146185,
      "integral_l1": 0.504503809219977,
      "x_overlap_ratio": 0.9970088873024848,
      "x_misaligned": false,
      "excluded": {}
    }
  ],
  "unmatched_model_series": [],
  "unmatched_real_series": [],
  "overall_nmae": 0.1231814749785637,
  "overall_ks": 0.20297073394740278,
  "overall_integral_l1": 0.6889417627848407,
  "overall_x_misaligned": false,
  "ks_scaled_by_gt_max": 0.045561696765011914,
  "l1_scaled_by_gt_max": 0.1827285880842689,
  "ks_scaled_by_gt_yrange": 0.27619079057112134,
  "l1_scaled_by_gt_yrange": 1.1051020023067955,
  "model_series_count": 4,
  "gt_series_count": 4,
  "notes": "mae = mean absolute y-error on overlapping x-range; nmae = mae / (ymax - ymin); bias = mean(model - gt); pearson_r = correlation of interpolated curves; ks = max |model(x) - gt(x)|; integral_l1 = \u222b |model(x) - gt(x)| dx over overlap; x_overlap_ratio = overlap length / union length; x_misaligned = True when overlap too small to trust comparison."
}