{
  "pairs": [
    {
      "model_label": "Tg DC- OVA",
      "real_label": "Tg DC- OVA",
      "compare_mode": "interp",
      "points_compared": 5,
      "mae": 8.923845193508123,
      "nmae": 0.03164484111173094,
      "bias": -3.209488139825271,
      "pearson_r": 0.9965624120536766,
      "ks": 21.325842696629252,
      "integral_l1": 179.31680087390833,
      "x_overlap_ratio": 1.0,
      "x_misaligned": false,
      "excluded": {}
    },
    {
      "model_label": "Tg DC- PBS",
      "real_label": "Tg DC- PBS",
      "compare_mode": "interp",
      "points_compared": 5,
      "mae": 3.802746566791504,
      "nmae": 0.01901373283395752,
      "bias": -2.401997503121109,
      "pearson_r": 0.9988288771451315,
      "ks": 6.816479400749131,
      "integral_l1": 92.15313982521886,
      "x_overlap_ratio": 1.0,
      "x_misaligned": false,
      "excluded": {}
    },
    {
      "model_label": "nTg DC+ OVA",
      "real_label": "nTG DC+ OVA",
      "compare_mode": "interp",
      "points_compared": 5,
      "mae": 3.6342072409488084,
      "nmae": 0.00660607504737265,
      "bias": 1.0549313358301788,
      "pearson_r": 0.9998120609968618,
      "ks": 7.627965043695326,
      "integral_l1": 89.59895755305854,
      "x_overlap_ratio": 1.0,
      "x_misaligned": false,
      "excluded": {}
    },
    {
      "model_label": "nTg DC+ PBS",
      "real_label": "nTG DC+ PBS",
      "compare_mode": "interp",
      "points_compared": 5,
      "mae": 5.627215980025016,
      "nmae": 0.018488484177280246,
      "bias": -5.627215980025016,
      "pearson_r": 0.9997670343701802,
      "ks": 19.36329588014985,
      "integral_l1": 160.43439388264753,
      "x_overlap_ratio": 1.0,
      "x_misaligned": false,
      "excluded": {}
    }
  ],
  "unmatched_model_series": [],
  "unmatched_real_series": [],
  "overall_nmae": 0.018938283292585338,
  "overall_ks": 13.78339575530589,
  "overall_integral_l1": 130.37582303370831,
  "overall_x_misaligned": false,
  "ks_scaled_by_gt_max": 0.04544217793392757,
  "l1_scaled_by_gt_max": 0.43256711449599683,
  "ks_scaled_by_gt_yrange": 0.04963291437448924,
  "l1_scaled_by_gt_yrange": 0.44665601107488684,
  "model_series_count": 4,
  "gt_series_count": 4,
  "notes": "mae = mean absolute y-error on overlapping x-range; nmae = mae / (ymax - ymin); bias = mean(model - gt); pearson_r = correlation of interpolated curves; ks = max |model(x) - gt(x)|; integral_l1 = \u222b |model(x) - gt(x)| dx over overlap; x_overlap_ratio = overlap length / union length; x_misaligned = True when overlap too small to trust comparison."
}