{
  "pairs": [
    {
      "model_label": "1: NT <0.35 nmol/L",
      "real_label": "Testosterone>=1.7",
      "compare_mode": "interp",
      "points_compared": 4,
      "mae": 0.0028559592946164336,
      "nmae": 0.7317420803868909,
      "bias": 0.0028559592946164336,
      "pearson_r": NaN,
      "ks": 0.003902958940268153,
      "integral_l1": 0.2119461209064657,
      "x_overlap_ratio": 0.16247582205029013,
      "x_misaligned": true,
      "excluded": {}
    },
    {
      "model_label": "2: NT >=0.35 to <0.7 nmol/L",
      "real_label": "0.7>Testosterone>=0.35",
      "compare_mode": "interp",
      "points_compared": 18,
      "mae": 0.016920415285893102,
      "nmae": 0.06043005459247536,
      "bias": 0.001973438117549057,
      "pearson_r": 0.9694715074235722,
      "ks": 0.08094449121870029,
      "integral_l1": 4.2387366002922,
      "x_overlap_ratio": 1.0,
      "x_misaligned": false,
      "excluded": {}
    },
    {
      "model_label": "3: NT >=0.7 to <1.7 nmol/L",
      "real_label": "0.7<=Testosterone<1.7",
      "compare_mode": "interp",
      "points_compared": 4,
      "mae": 0.12424260080177355,
      "nmae": 0.2484852016035471,
      "bias": 0.0169405690310431,
      "pearson_r": 0.626371454509131,
      "ks": 0.2823663396656333,
      "integral_l1": 1.5847116734191513,
      "x_overlap_ratio": 0.6436781609195401,
      "x_misaligned": false,
      "excluded": {}
    },
    {
      "model_label": "4: NT >=1.7 nmol/L",
      "real_label": "Testosterone<0.35",
      "compare_mode": "interp",
      "points_compared": 4,
      "mae": 0.004414968698142591,
      "nmae": 0.7422195243977101,
      "bias": 0.004414968698142591,
      "pearson_r": NaN,
      "ks": 0.0059483327412132025,
      "integral_l1": 0.3565584106512312,
      "x_overlap_ratio": 0.16666666666666666,
      "x_misaligned": true,
      "excluded": {}
    }
  ],
  "unmatched_model_series": [],
  "unmatched_real_series": [],
  "overall_nmae": 0.44571921524515584,
  "overall_ks": 0.09329053064145373,
  "overall_integral_l1": 1.597988201317262,
  "overall_x_misaligned": true,
  "ks_scaled_by_gt_max": 0.1211530383685905,
  "l1_scaled_by_gt_max": 1.7584717784808093,
  "ks_scaled_by_gt_yrange": 0.7052891367345047,
  "l1_scaled_by_gt_yrange": 33.138576726216876,
  "model_series_count": 4,
  "gt_series_count": 4,
  "notes": "mae = mean absolute y-error on overlapping x-range; nmae = mae / (ymax - ymin); bias = mean(model - gt); pearson_r = correlation of interpolated curves; ks = max |model(x) - gt(x)|; integral_l1 = \u222b |model(x) - gt(x)| dx over overlap; x_overlap_ratio = overlap length / union length; x_misaligned = True when overlap too small to trust comparison."
}