{
  "pairs": [
    {
      "model_label": "series_1",
      "real_label": "Baseline",
      "compare_mode": "interp",
      "points_compared": 7,
      "mae": 0.10714658632705154,
      "nmae": 0.21573470001992948,
      "bias": 0.10714658632705154,
      "pearson_r": 0.9353707139799893,
      "ks": 0.1780003951456428,
      "integral_l1": 0.4977768641288333,
      "x_overlap_ratio": 0.9768665021106906,
      "x_misaligned": false,
      "excluded": {}
    },
    {
      "model_label": "series_2",
      "real_label": "Early phase",
      "compare_mode": "interp",
      "points_compared": 6,
      "mae": 0.23263978433700924,
      "nmae": 0.03581781205348869,
      "bias": -0.024262944173050343,
      "pearson_r": 0.9894416845559458,
      "ks": 0.6852128213794391,
      "integral_l1": 0.6103819185297291,
      "x_overlap_ratio": 0.9790370193262254,
      "x_misaligned": false,
      "excluded": {}
    },
    {
      "model_label": "series_3",
      "real_label": "Late phase",
      "compare_mode": "interp",
      "points_compared": 7,
      "mae": 0.08229867894619534,
      "nmae": 0.13084238579560745,
      "bias": 0.07996248617071108,
      "pearson_r": 0.9639749733500038,
      "ks": 0.15100301972515284,
      "integral_l1": 0.4624798125821802,
      "x_overlap_ratio": 0.9735306334012059,
      "x_misaligned": false,
      "excluded": {}
    },
    {
      "model_label": "series_4",
      "real_label": "Post-Albuterol",
      "compare_mode": "interp",
      "points_compared": 5,
      "mae": 0.0315192763278247,
      "nmae": 0.1252458535992222,
      "bias": 0.0315192763278247,
      "pearson_r": 0.9802091196631537,
      "ks": 0.06270870429753894,
      "integral_l1": 0.14618340257111473,
      "x_overlap_ratio": 0.9768432751736974,
      "x_misaligned": false,
      "excluded": {}
    }
  ],
  "unmatched_model_series": [],
  "unmatched_real_series": [],
  "overall_nmae": 0.12691018786706193,
  "overall_ks": 0.2692312351369434,
  "overall_integral_l1": 0.4292054994529644,
  "overall_x_misaligned": false,
  "ks_scaled_by_gt_max": 0.0424431653206958,
  "l1_scaled_by_gt_max": 0.0924981695454118,
  "ks_scaled_by_gt_yrange": 0.19476261124256816,
  "l1_scaled_by_gt_yrange": 0.6030943968469087,
  "model_series_count": 4,
  "gt_series_count": 4,
  "notes": "mae = mean absolute y-error on overlapping x-range; nmae = mae / (ymax - ymin); bias = mean(model - gt); pearson_r = correlation of interpolated curves; ks = max |model(x) - gt(x)|; integral_l1 = \u222b |model(x) - gt(x)| dx over overlap; x_overlap_ratio = overlap length / union length; x_misaligned = True when overlap too small to trust comparison."
}