{
  "pairs": [
    {
      "model_label": "challenged",
      "real_label": "challenged",
      "compare_mode": "interp",
      "points_compared": 3,
      "mae": 0.5683089424249826,
      "nmae": 0.4795603016037365,
      "bias": 0.5683089424249826,
      "pearson_r": 0.9684620620294804,
      "ks": 0.6377400914864562,
      "integral_l1": 8.267288345458775,
      "x_overlap_ratio": 0.9966176449941578,
      "x_misaligned": false,
      "excluded": {}
    },
    {
      "model_label": "sensitized/challenged",
      "real_label": "sensitized/challenged",
      "compare_mode": "interp",
      "points_compared": 4,
      "mae": 0.5278967607586234,
      "nmae": 0.16685920623171313,
      "bias": 0.5278967607586234,
      "pearson_r": 0.9942838216023431,
      "ks": 0.9417665844461771,
      "integral_l1": 9.333363853763837,
      "x_overlap_ratio": 0.9868189001680931,
      "x_misaligned": false,
      "excluded": {}
    }
  ],
  "unmatched_model_series": [],
  "unmatched_real_series": [],
  "overall_nmae": 0.32320975391772483,
  "overall_ks": 0.7897533379663166,
  "overall_integral_l1": 8.800326099611306,
  "overall_x_misaligned": false,
  "ks_scaled_by_gt_max": 0.28454777880988946,
  "l1_scaled_by_gt_max": 3.3161117372033813,
  "ks_scaled_by_gt_yrange": 0.2687905333371532,
  "l1_scaled_by_gt_yrange": 4.9631822200522215,
  "model_series_count": 2,
  "gt_series_count": 2,
  "notes": "mae = mean absolute y-error on overlapping x-range; nmae = mae / (ymax - ymin); bias = mean(model - gt); pearson_r = correlation of interpolated curves; ks = max |model(x) - gt(x)|; integral_l1 = \u222b |model(x) - gt(x)| dx over overlap; x_overlap_ratio = overlap length / union length; x_misaligned = True when overlap too small to trust comparison."
}