{
  "pairs": [
    {
      "model_label": "placebo",
      "real_label": "placebo",
      "compare_mode": "interp",
      "points_compared": 8,
      "mae": 0.012942500382610689,
      "nmae": 0.029414773596842476,
      "bias": -0.006579889087946489,
      "pearson_r": 0.9969293160291112,
      "ks": 0.033358870713636524,
      "integral_l1": 5.961089854968133,
      "x_overlap_ratio": 1.0,
      "x_misaligned": false,
      "excluded": {}
    },
    {
      "model_label": "salbutamol",
      "real_label": "salbutamol",
      "compare_mode": "interp",
      "points_compared": 8,
      "mae": 0.011523183950161497,
      "nmae": 0.02057711419671696,
      "bias": 0.0023275214036855285,
      "pearson_r": 0.9970728004526075,
      "ks": 0.033143168375660004,
      "integral_l1": 7.9284014080068,
      "x_overlap_ratio": 1.0,
      "x_misaligned": false,
      "excluded": {}
    }
  ],
  "unmatched_model_series": [],
  "unmatched_real_series": [],
  "overall_nmae": 0.02499594389677972,
  "overall_ks": 0.033251019544648264,
  "overall_integral_l1": 6.944745631487466,
  "overall_x_misaligned": false,
  "ks_scaled_by_gt_max": 0.011285571621816586,
  "l1_scaled_by_gt_max": 2.363017808457864,
  "ks_scaled_by_gt_yrange": 0.06902584732390359,
  "l1_scaled_by_gt_yrange": 14.149532904097375,
  "model_series_count": 2,
  "gt_series_count": 2,
  "notes": "mae = mean absolute y-error on overlapping x-range; nmae = mae / (ymax - ymin); bias = mean(model - gt); pearson_r = correlation of interpolated curves; ks = max |model(x) - gt(x)|; integral_l1 = \u222b |model(x) - gt(x)| dx over overlap; x_overlap_ratio = overlap length / union length; x_misaligned = True when overlap too small to trust comparison."
}