{
  "pairs": [
    {
      "model_label": "Placebo",
      "real_label": "Placebo",
      "compare_mode": "interp",
      "points_compared": 12,
      "mae": 1.8618632850191563,
      "nmae": 0.07301424647133946,
      "bias": -1.4610053236209335,
      "pearson_r": 0.8276953365580833,
      "ks": 17.94901357617087,
      "integral_l1": 4.448295782910581,
      "x_overlap_ratio": 0.9886368286793895,
      "x_misaligned": false,
      "excluded": {}
    },
    {
      "model_label": "AMG 157",
      "real_label": "AMG 157",
      "compare_mode": "interp",
      "points_compared": 10,
      "mae": 2.0076585985240607,
      "nmae": 0.09926112549375084,
      "bias": 1.16462608448052,
      "pearson_r": 0.9155069765551457,
      "ks": 7.0233865753968985,
      "integral_l1": 9.275173929329723,
      "x_overlap_ratio": 0.9604535972967357,
      "x_misaligned": false,
      "excluded": {}
    }
  ],
  "unmatched_model_series": [],
  "unmatched_real_series": [],
  "overall_nmae": 0.08613768598254515,
  "overall_ks": 12.486200075783884,
  "overall_integral_l1": 6.861734856120152,
  "overall_x_misaligned": false,
  "ks_scaled_by_gt_max": -1.4504973936642744,
  "l1_scaled_by_gt_max": -0.777318927801155,
  "ks_scaled_by_gt_yrange": 0.3901656104335661,
  "l1_scaled_by_gt_yrange": 0.31650952426735257,
  "model_series_count": 2,
  "gt_series_count": 2,
  "notes": "mae = mean absolute y-error on overlapping x-range; nmae = mae / (ymax - ymin); bias = mean(model - gt); pearson_r = correlation of interpolated curves; ks = max |model(x) - gt(x)|; integral_l1 = \u222b |model(x) - gt(x)| dx over overlap; x_overlap_ratio = overlap length / union length; x_misaligned = True when overlap too small to trust comparison."
}