{
  "pairs": [
    {
      "model_label": "Testosterone nadir < 20 ng/dL",
      "real_label": "Testosterone<20",
      "compare_mode": "interp",
      "points_compared": 10,
      "mae": 0.009894044078604546,
      "nmae": 0.04947022039302273,
      "bias": 0.008131094908588363,
      "pearson_r": 0.9934129143264607,
      "ks": 0.0163877333044197,
      "integral_l1": 0.08912321965540405,
      "x_overlap_ratio": 0.9024390243902439,
      "x_misaligned": false,
      "excluded": {}
    },
    {
      "model_label": "Testosterone nadir 20 \u2013 49 ng/dL",
      "real_label": "Testosterone20-50",
      "compare_mode": "interp",
      "points_compared": 11,
      "mae": 0.03639131015367957,
      "nmae": 0.11027669743539263,
      "bias": 0.03363399486621085,
      "pearson_r": 0.9647930013827501,
      "ks": 0.0810921800981346,
      "integral_l1": 0.37570676511005174,
      "x_overlap_ratio": 0.975609756097561,
      "x_misaligned": false,
      "excluded": {}
    }
  ],
  "unmatched_model_series": [],
  "unmatched_real_series": [],
  "overall_nmae": 0.07987345891420768,
  "overall_ks": 0.04873995670127715,
  "overall_integral_l1": 0.2324149923827279,
  "overall_x_misaligned": false,
  "ks_scaled_by_gt_max": 0.18881183902217624,
  "l1_scaled_by_gt_max": 0.9107193363847212,
  "ks_scaled_by_gt_yrange": 0.17425848639394662,
  "l1_scaled_by_gt_yrange": 0.8411736576452447,
  "model_series_count": 2,
  "gt_series_count": 2,
  "notes": "mae = mean absolute y-error on overlapping x-range; nmae = mae / (ymax - ymin); bias = mean(model - gt); pearson_r = correlation of interpolated curves; ks = max |model(x) - gt(x)|; integral_l1 = \u222b |model(x) - gt(x)| dx over overlap; x_overlap_ratio = overlap length / union length; x_misaligned = True when overlap too small to trust comparison."
}