{
  "pairs": [
    {
      "model_label": "Baseline",
      "real_label": "Baseline",
      "compare_mode": "interp",
      "points_compared": 4,
      "mae": 0.05868315505169941,
      "nmae": 0.1424407422472559,
      "bias": 0.05868315505169941,
      "pearson_r": 0.9936038410887276,
      "ks": 0.0814270742953509,
      "integral_l1": 0.2087308746389155,
      "x_overlap_ratio": 0.9981330634037465,
      "x_misaligned": false,
      "excluded": {}
    },
    {
      "model_label": "Early phase",
      "real_label": "Early phase",
      "compare_mode": "interp",
      "points_compared": 5,
      "mae": 0.04874929183021202,
      "nmae": 0.0062824145929621395,
      "bias": -0.014284197073680716,
      "pearson_r": 0.9997267846517841,
      "ks": 0.15272889184044125,
      "integral_l1": 0.19230985170399384,
      "x_overlap_ratio": 0.9984887418256521,
      "x_misaligned": false,
      "excluded": {}
    },
    {
      "model_label": "Late phase",
      "real_label": "Late phase",
      "compare_mode": "interp",
      "points_compared": 5,
      "mae": 0.0435927485345247,
      "nmae": 0.0830142768273213,
      "bias": 0.031735377958394206,
      "pearson_r": 0.9770761104917977,
      "ks": 0.07961152480236322,
      "integral_l1": 0.20381218272536794,
      "x_overlap_ratio": 0.9947245722261737,
      "x_misaligned": false,
      "excluded": {}
    },
    {
      "model_label": "Post-Albuterol",
      "real_label": "Post-Albuterol",
      "compare_mode": "interp",
      "points_compared": 3,
      "mae": 0.04672199974766104,
      "nmae": 0.17943815275734534,
      "bias": 0.04672199974766104,
      "pearson_r": 0.9968948924647754,
      "ks": 0.060379406662992796,
      "integral_l1": 0.21044356240178214,
      "x_overlap_ratio": 0.9981093308121136,
      "x_misaligned": false,
      "excluded": {}
    }
  ],
  "unmatched_model_series": [],
  "unmatched_real_series": [],
  "overall_nmae": 0.10279389660622118,
  "overall_ks": 0.09353672440028704,
  "overall_integral_l1": 0.20382411786751486,
  "overall_x_misaligned": false,
  "ks_scaled_by_gt_max": 0.020382195863011723,
  "l1_scaled_by_gt_max": 0.055348853788869806,
  "ks_scaled_by_gt_yrange": 0.12189089207290606,
  "l1_scaled_by_gt_yrange": 0.43194348773221447,
  "model_series_count": 4,
  "gt_series_count": 4,
  "notes": "mae = mean absolute y-error on overlapping x-range; nmae = mae / (ymax - ymin); bias = mean(model - gt); pearson_r = correlation of interpolated curves; ks = max |model(x) - gt(x)|; integral_l1 = \u222b |model(x) - gt(x)| dx over overlap; x_overlap_ratio = overlap length / union length; x_misaligned = True when overlap too small to trust comparison."
}