{
  "pairs": [
    {
      "model_label": "series_1",
      "real_label": "SerumTestosterone<20",
      "compare_mode": "interp",
      "points_compared": 448,
      "mae": 0.008072670475931916,
      "nmae": 0.018540422685521758,
      "bias": 0.00765704727808821,
      "pearson_r": 0.9950201938598532,
      "ks": 0.21960421974244293,
      "integral_l1": 0.9664400765448747,
      "x_overlap_ratio": 0.9379079497907947,
      "x_misaligned": false,
      "excluded": {}
    },
    {
      "model_label": "series_2",
      "real_label": "SerumTestosterone20-50",
      "compare_mode": "interp",
      "points_compared": 486,
      "mae": 0.007023188182810716,
      "nmae": 0.00951581205013997,
      "bias": 0.002557567302251919,
      "pearson_r": 0.9970202603332121,
      "ks": 0.13153588719765485,
      "integral_l1": 0.91281452989854,
      "x_overlap_ratio": 0.9891649694501016,
      "x_misaligned": false,
      "excluded": {}
    },
    {
      "model_label": "series_3",
      "real_label": "SerumTestosterone>50",
      "compare_mode": "interp",
      "points_compared": 448,
      "mae": 0.013962917082690722,
      "nmae": 0.016308237480250377,
      "bias": 0.008369132730192812,
      "pearson_r": 0.9969813509794054,
      "ks": 0.12271335494556829,
      "integral_l1": 1.6726789218130014,
      "x_overlap_ratio": 0.983157894736842,
      "x_misaligned": false,
      "excluded": {}
    }
  ],
  "unmatched_model_series": [],
  "unmatched_real_series": [],
  "overall_nmae": 0.014788157405304037,
  "overall_ks": 0.1579511539618887,
  "overall_integral_l1": 1.1839778427521386,
  "overall_x_misaligned": false,
  "ks_scaled_by_gt_max": 0.15808474804656855,
  "l1_scaled_by_gt_max": 1.1849142253930813,
  "ks_scaled_by_gt_yrange": 0.2772820550149637,
  "l1_scaled_by_gt_yrange": 1.803344393531968,
  "model_series_count": 3,
  "gt_series_count": 3,
  "notes": "mae = mean absolute y-error on overlapping x-range; nmae = mae / (ymax - ymin); bias = mean(model - gt); pearson_r = correlation of interpolated curves; ks = max |model(x) - gt(x)|; integral_l1 = \u222b |model(x) - gt(x)| dx over overlap; x_overlap_ratio = overlap length / union length; x_misaligned = True when overlap too small to trust comparison."
}