{
  "pairs": [
    {
      "model_label": "< 8ng/dL",
      "real_label": "Testosterone<8",
      "compare_mode": "interp",
      "points_compared": 27,
      "mae": 0.07623285714016491,
      "nmae": 0.09217678800232472,
      "bias": -0.0009318216874736103,
      "pearson_r": 0.9002482803416019,
      "ks": 0.4311471808283001,
      "integral_l1": 10.533247668123263,
      "x_overlap_ratio": 0.9566326530612245,
      "x_misaligned": false,
      "excluded": {
        "model_left": [
          0
        ],
        "model_right": [
          28,
          29,
          30
        ],
        "model_nan": [],
        "real_outside_overlap": 0
      }
    },
    {
      "model_label": "\u2265 8ng/dL",
      "real_label": "Testosterone>=8",
      "compare_mode": "interp",
      "points_compared": 24,
      "mae": 0.03560360450668404,
      "nmae": 0.07478175062002848,
      "bias": -0.03534393974568454,
      "pearson_r": 0.9681016377414967,
      "ks": 0.1924952137434648,
      "integral_l1": 4.908837116374816,
      "x_overlap_ratio": 0.9487179487179487,
      "x_misaligned": false,
      "excluded": {
        "model_left": [],
        "model_right": [
          24
        ],
        "model_nan": [],
        "real_outside_overlap": 1
      }
    }
  ],
  "unmatched_model_series": [],
  "unmatched_real_series": [],
  "overall_nmae": 0.08347926931117661,
  "overall_ks": 0.3118211972858824,
  "overall_integral_l1": 7.721042392249039,
  "overall_x_misaligned": false,
  "ks_scaled_by_gt_max": 0.314249918858432,
  "l1_scaled_by_gt_max": 7.781068409636528,
  "ks_scaled_by_gt_yrange": 0.45076963291755756,
  "l1_scaled_by_gt_yrange": 11.230473457695222,
  "model_series_count": 2,
  "gt_series_count": 2,
  "notes": "mae = mean absolute y-error on overlapping x-range; nmae = mae / (ymax - ymin); bias = mean(model - gt); pearson_r = correlation of interpolated curves; ks = max |model(x) - gt(x)|; integral_l1 = \u222b |model(x) - gt(x)| dx over overlap; x_overlap_ratio = overlap length / union length; x_misaligned = True when overlap too small to trust comparison."
}