{
  "pairs": [
    {
      "model_label": "s3",
      "real_label": "Testosterone>50",
      "compare_mode": "interp",
      "points_compared": 62,
      "mae": 0.042115147701799714,
      "nmae": 0.060228653170701675,
      "bias": 0.012821613022324955,
      "pearson_r": 0.9725481124299026,
      "ks": 0.14566240982287615,
      "integral_l1": 5.803985098333774,
      "x_overlap_ratio": 0.9821210680224988,
      "x_misaligned": false,
      "excluded": {}
    },
    {
      "model_label": "s1",
      "real_label": "Testosterone<20",
      "compare_mode": "interp",
      "points_compared": 18,
      "mae": 0.007675292211886324,
      "nmae": 0.5100629788550073,
      "bias": 0.007675292211886324,
      "pearson_r": -0.36944158222017526,
      "ks": 0.015047734358443088,
      "integral_l1": 0.9485785844155424,
      "x_overlap_ratio": 0.9807495392176928,
      "x_misaligned": false,
      "excluded": {}
    },
    {
      "model_label": "s2",
      "real_label": "Testosterone20-50",
      "compare_mode": "interp",
      "points_compared": 43,
      "mae": 0.06188478696417923,
      "nmae": 0.09623220741700442,
      "bias": -0.026350166426805308,
      "pearson_r": 0.9266932216892788,
      "ks": 0.17020247963226098,
      "integral_l1": 7.622570749782029,
      "x_overlap_ratio": 0.9598726464291596,
      "x_misaligned": false,
      "excluded": {}
    }
  ],
  "unmatched_model_series": [],
  "unmatched_real_series": [],
  "overall_nmae": 0.22217461314757114,
  "overall_ks": 0.11030420793786007,
  "overall_integral_l1": 4.791711477510448,
  "overall_x_misaligned": false,
  "ks_scaled_by_gt_max": 0.11330166203958338,
  "l1_scaled_by_gt_max": 4.92171787720437,
  "ks_scaled_by_gt_yrange": 1.1004712958452267,
  "l1_scaled_by_gt_yrange": 27.730493827981945,
  "model_series_count": 3,
  "gt_series_count": 3,
  "notes": "mae = mean absolute y-error on overlapping x-range; nmae = mae / (ymax - ymin); bias = mean(model - gt); pearson_r = correlation of interpolated curves; ks = max |model(x) - gt(x)|; integral_l1 = \u222b |model(x) - gt(x)| dx over overlap; x_overlap_ratio = overlap length / union length; x_misaligned = True when overlap too small to trust comparison."
}