{
  "pairs": [
    {
      "model_label": "series_1",
      "real_label": "Baseline",
      "compare_mode": "interp",
      "points_compared": 5,
      "mae": 0.030007631662578672,
      "nmae": 0.041198463352319345,
      "bias": 0.030007631662578672,
      "pearson_r": 0.9958317555597805,
      "ks": 0.0711122040040646,
      "integral_l1": 0.15370034636412014,
      "x_overlap_ratio": 0.9927936204899948,
      "x_misaligned": false,
      "excluded": {}
    },
    {
      "model_label": "series_2",
      "real_label": "Early phase",
      "compare_mode": "interp",
      "points_compared": 6,
      "mae": 0.040594612513306906,
      "nmae": 0.004088798935501352,
      "bias": 0.012534066894825576,
      "pearson_r": 0.9999287208215732,
      "ks": 0.084181636855444,
      "integral_l1": 0.32814724589337074,
      "x_overlap_ratio": 0.9933223956275353,
      "x_misaligned": false,
      "excluded": {}
    },
    {
      "model_label": "series_3",
      "real_label": "Late phase",
      "compare_mode": "interp",
      "points_compared": 6,
      "mae": 0.042239643365353796,
      "nmae": 0.05631138442784988,
      "bias": -0.023958492731530168,
      "pearson_r": 0.9945773911097955,
      "ks": 0.07956694460476221,
      "integral_l1": 0.2634432180329346,
      "x_overlap_ratio": 0.9894046110200739,
      "x_misaligned": false,
      "excluded": {}
    },
    {
      "model_label": "series_4",
      "real_label": "Post-Albuterol",
      "compare_mode": "interp",
      "points_compared": 4,
      "mae": 0.04057303055320627,
      "nmae": 0.17408676547507604,
      "bias": 0.029231674092523696,
      "pearson_r": 0.9436066383808993,
      "ks": 0.060379406662992796,
      "integral_l1": 0.2898222697681967,
      "x_overlap_ratio": 0.9926638261980688,
      "x_misaligned": false,
      "excluded": {}
    }
  ],
  "unmatched_model_series": [],
  "unmatched_real_series": [],
  "overall_nmae": 0.06892135304768665,
  "overall_ks": 0.0738100480318159,
  "overall_integral_l1": 0.25877827001465553,
  "overall_x_misaligned": false,
  "ks_scaled_by_gt_max": 0.01848846467645551,
  "l1_scaled_by_gt_max": 0.06708092290949752,
  "ks_scaled_by_gt_yrange": 0.11646184027083928,
  "l1_scaled_by_gt_yrange": 0.4597049629440219,
  "model_series_count": 4,
  "gt_series_count": 4,
  "notes": "mae = mean absolute y-error on overlapping x-range; nmae = mae / (ymax - ymin); bias = mean(model - gt); pearson_r = correlation of interpolated curves; ks = max |model(x) - gt(x)|; integral_l1 = \u222b |model(x) - gt(x)| dx over overlap; x_overlap_ratio = overlap length / union length; x_misaligned = True when overlap too small to trust comparison."
}