{
  "pairs": [
    {
      "model_label": "series_1",
      "real_label": "Placebo",
      "compare_mode": "interp",
      "points_compared": 6,
      "mae": 2.4971269702985666,
      "nmae": 0.012600402366153344,
      "bias": -0.9539648762003073,
      "pearson_r": 0.9995037912610819,
      "ks": 7.2925206015510184,
      "integral_l1": 225.0141104557369,
      "x_overlap_ratio": 1.0,
      "x_misaligned": false,
      "excluded": {}
    },
    {
      "model_label": "series_2",
      "real_label": "AMG 157",
      "compare_mode": "interp",
      "points_compared": 6,
      "mae": 1.4529746687803922,
      "nmae": 0.008273295810033826,
      "bias": -0.2036804295977177,
      "pearson_r": 0.9994124770440483,
      "ks": 3.655250717662426,
      "integral_l1": 133.2531170110987,
      "x_overlap_ratio": 1.0,
      "x_misaligned": false,
      "excluded": {}
    }
  ],
  "unmatched_model_series": [],
  "unmatched_real_series": [],
  "overall_nmae": 0.010436849088093586,
  "overall_ks": 5.473885659606722,
  "overall_integral_l1": 179.1336137334178,
  "overall_x_misaligned": false,
  "ks_scaled_by_gt_max": 0.014809484884049113,
  "l1_scaled_by_gt_max": 0.4915325149638853,
  "ks_scaled_by_gt_yrange": 0.028866868013883967,
  "l1_scaled_by_gt_yrange": 0.9470803663793252,
  "model_series_count": 2,
  "gt_series_count": 2,
  "notes": "mae = mean absolute y-error on overlapping x-range; nmae = mae / (ymax - ymin); bias = mean(model - gt); pearson_r = correlation of interpolated curves; ks = max |model(x) - gt(x)|; integral_l1 = \u222b |model(x) - gt(x)| dx over overlap; x_overlap_ratio = overlap length / union length; x_misaligned = True when overlap too small to trust comparison."
}