{
  "pairs": [
    {
      "model_label": "Red Line",
      "real_label": "Testosterone>20",
      "compare_mode": "interp",
      "points_compared": 13,
      "mae": 0.012394820190592544,
      "nmae": 0.027985304206413278,
      "bias": 0.006519224775832222,
      "pearson_r": 0.994100427916644,
      "ks": 0.038916788122300816,
      "integral_l1": 0.35876783442659244,
      "x_overlap_ratio": 0.9886363636363636,
      "x_misaligned": false,
      "excluded": {}
    },
    {
      "model_label": "Green Line",
      "real_label": "Testosterone<20OnlyAfterSixMonths",
      "compare_mode": "interp",
      "points_compared": 10,
      "mae": 0.010772319709818502,
      "nmae": 0.022309901336572225,
      "bias": 0.008310776397954755,
      "pearson_r": 0.9965240158487171,
      "ks": 0.030274339903532788,
      "integral_l1": 0.5700247224832744,
      "x_overlap_ratio": 0.8107332472377674,
      "x_misaligned": false,
      "excluded": {}
    },
    {
      "model_label": "Blue Line",
      "real_label": "Testosterone<20AlreadyBeforeSixMonths",
      "compare_mode": "interp",
      "points_compared": 17,
      "mae": 0.008621150184181681,
      "nmae": 0.03135244273678792,
      "bias": 0.0017809508169782334,
      "pearson_r": 0.9859330127494098,
      "ks": 0.04554937531237879,
      "integral_l1": 0.7537360739251072,
      "x_overlap_ratio": 0.762115685252736,
      "x_misaligned": false,
      "excluded": {}
    }
  ],
  "unmatched_model_series": [],
  "unmatched_real_series": [],
  "overall_nmae": 0.02721588275992447,
  "overall_ks": 0.0382468344460708,
  "overall_integral_l1": 0.5608428769449914,
  "overall_x_misaligned": false,
  "ks_scaled_by_gt_max": 0.03905149431802566,
  "l1_scaled_by_gt_max": 0.573691384710797,
  "ks_scaled_by_gt_yrange": 0.10556480659159666,
  "l1_scaled_by_gt_yrange": 1.5772272179603757,
  "model_series_count": 3,
  "gt_series_count": 3,
  "notes": "mae = mean absolute y-error on overlapping x-range; nmae = mae / (ymax - ymin); bias = mean(model - gt); pearson_r = correlation of interpolated curves; ks = max |model(x) - gt(x)|; integral_l1 = \u222b |model(x) - gt(x)| dx over overlap; x_overlap_ratio = overlap length / union length; x_misaligned = True when overlap too small to trust comparison."
}