{
  "pairs": [
    {
      "model_label": "Tg DC- OVA",
      "real_label": "Tg DC- OVA",
      "compare_mode": "interp",
      "points_compared": 5,
      "mae": 5.446941323345845,
      "nmae": 0.020949774320560943,
      "bias": -1.409488139825271,
      "pearson_r": 0.9975074729150238,
      "ks": 9.357053682896321,
      "integral_l1": 89.23436641697994,
      "x_overlap_ratio": 1.0,
      "x_misaligned": false,
      "excluded": {}
    },
    {
      "model_label": "Tg DC- PBS",
      "real_label": "Tg DC- PBS",
      "compare_mode": "interp",
      "points_compared": 5,
      "mae": 7.239700374531796,
      "nmae": 0.034474763688246646,
      "bias": 4.598002496878891,
      "pearson_r": 0.9991400761556507,
      "ks": 11.136079900124827,
      "integral_l1": 192.8229962546807,
      "x_overlap_ratio": 1.0,
      "x_misaligned": false,
      "excluded": {}
    },
    {
      "model_label": "nTg DC+ OVA",
      "real_label": "nTG DC+ OVA",
      "compare_mode": "interp",
      "points_compared": 5,
      "mae": 5.530586766541819,
      "nmae": 0.00996502120097625,
      "bias": 4.054931335830179,
      "pearson_r": 0.9997349129223726,
      "ks": 11.58551810237202,
      "integral_l1": 168.790708489388,
      "x_overlap_ratio": 1.0,
      "x_misaligned": false,
      "excluded": {}
    },
    {
      "model_label": "nTg DC+ PBS",
      "real_label": "nTG DC+ PBS",
      "compare_mode": "interp",
      "points_compared": 5,
      "mae": 5.004993757802754,
      "nmae": 0.016444143645275765,
      "bias": 2.7727840199749836,
      "pearson_r": 0.9984823462402401,
      "ks": 13.383270911360796,
      "integral_l1": 182.25722534332073,
      "x_overlap_ratio": 1.0,
      "x_misaligned": false,
      "excluded": {}
    }
  ],
  "unmatched_model_series": [],
  "unmatched_real_series": [],
  "overall_nmae": 0.020458425713764904,
  "overall_ks": 11.365480649188491,
  "overall_integral_l1": 158.27632412609233,
  "overall_x_misaligned": false,
  "ks_scaled_by_gt_max": 0.03709828043900706,
  "l1_scaled_by_gt_max": 0.5261108356855251,
  "ks_scaled_by_gt_yrange": 0.04015078216905976,
  "l1_scaled_by_gt_yrange": 0.5410889949991364,
  "model_series_count": 4,
  "gt_series_count": 4,
  "notes": "mae = mean absolute y-error on overlapping x-range; nmae = mae / (ymax - ymin); bias = mean(model - gt); pearson_r = correlation of interpolated curves; ks = max |model(x) - gt(x)|; integral_l1 = \u222b |model(x) - gt(x)| dx over overlap; x_overlap_ratio = overlap length / union length; x_misaligned = True when overlap too small to trust comparison."
}