{
  "pairs": [
    {
      "model_label": "Serum testosterone levels < 20 ng/dL",
      "real_label": "Testosterone<20",
      "compare_mode": "interp",
      "points_compared": 5,
      "mae": 0.0026183961672358704,
      "nmae": 0.545295923629589,
      "bias": -0.0026183961672358704,
      "pearson_r": NaN,
      "ks": 0.004801789365684872,
      "integral_l1": 0.2598022530002453,
      "x_overlap_ratio": 0.9499999999999996,
      "x_misaligned": false,
      "excluded": {}
    },
    {
      "model_label": "Serum testosterone levels 20-50 ng/dL",
      "real_label": "Testosterone>50",
      "compare_mode": "interp",
      "points_compared": 21,
      "mae": 0.03137408176111647,
      "nmae": 0.0459256525442038,
      "bias": 0.024890629268075604,
      "pearson_r": 0.9842505769652009,
      "ks": 0.1134363233027541,
      "integral_l1": 4.612946936459314,
      "x_overlap_ratio": 0.9504950495049507,
      "x_misaligned": false,
      "excluded": {}
    },
    {
      "model_label": "Serum testosterone levels > 50 ng/dL",
      "real_label": "Testosterone20-50",
      "compare_mode": "interp",
      "points_compared": 24,
      "mae": 0.029930355422109867,
      "nmae": 0.047992688692833296,
      "bias": -0.009040579186263826,
      "pearson_r": 0.9876213058843283,
      "ks": 0.07213811292969563,
      "integral_l1": 2.7966665133205346,
      "x_overlap_ratio": 0.9261744966442953,
      "x_misaligned": false,
      "excluded": {}
    }
  ],
  "unmatched_model_series": [],
  "unmatched_real_series": [],
  "overall_nmae": 0.2130714216222087,
  "overall_ks": 0.06345874186604487,
  "overall_integral_l1": 2.556471900926698,
  "overall_x_misaligned": false,
  "ks_scaled_by_gt_max": 0.06519431875761743,
  "l1_scaled_by_gt_max": 2.626371132507962,
  "ks_scaled_by_gt_yrange": 0.3929823171316251,
  "l1_scaled_by_gt_yrange": 21.780722243620474,
  "model_series_count": 3,
  "gt_series_count": 3,
  "notes": "mae = mean absolute y-error on overlapping x-range; nmae = mae / (ymax - ymin); bias = mean(model - gt); pearson_r = correlation of interpolated curves; ks = max |model(x) - gt(x)|; integral_l1 = \u222b |model(x) - gt(x)| dx over overlap; x_overlap_ratio = overlap length / union length; x_misaligned = True when overlap too small to trust comparison."
}