{
  "pairs": [
    {
      "model_label": "series_1",
      "real_label": "Testosterone<20",
      "compare_mode": "interp",
      "points_compared": 647,
      "mae": 0.001048993223801889,
      "nmae": 0.01579353071487795,
      "bias": 0.0006833076968289933,
      "pearson_r": 0.9991929449112509,
      "ks": 0.004193124943710477,
      "integral_l1": 0.11498894347904351,
      "x_overlap_ratio": 0.9953775038520802,
      "x_misaligned": false,
      "excluded": {}
    },
    {
      "model_label": "series_2",
      "real_label": "Testosterone20-50",
      "compare_mode": "interp",
      "points_compared": 647,
      "mae": 0.002585590109644368,
      "nmae": 0.019765399949281393,
      "bias": -0.002006116462966188,
      "pearson_r": 0.997771894081491,
      "ks": 0.021689743591738482,
      "integral_l1": 0.2833847593674596,
      "x_overlap_ratio": 0.9953775038520802,
      "x_misaligned": false,
      "excluded": {}
    },
    {
      "model_label": "series_3",
      "real_label": "Testosterone>=50",
      "compare_mode": "interp",
      "points_compared": 637,
      "mae": 0.0019489294557627958,
      "nmae": 0.005313363418831899,
      "bias": 0.0002232675254450848,
      "pearson_r": 0.9995738902716289,
      "ks": 0.01923594016913681,
      "integral_l1": 0.21034744348585407,
      "x_overlap_ratio": 0.9845344880915571,
      "x_misaligned": false,
      "excluded": {}
    }
  ],
  "unmatched_model_series": [],
  "unmatched_real_series": [],
  "overall_nmae": 0.013624098027663747,
  "overall_ks": 0.015039602901528589,
  "overall_integral_l1": 0.2029070487774524,
  "overall_x_misaligned": false,
  "ks_scaled_by_gt_max": 0.09512838868676675,
  "l1_scaled_by_gt_max": 1.5056515042359606,
  "ks_scaled_by_gt_yrange": 0.09529673496508952,
  "l1_scaled_by_gt_yrange": 1.4903501006873539,
  "model_series_count": 3,
  "gt_series_count": 3,
  "notes": "mae = mean absolute y-error on overlapping x-range; nmae = mae / (ymax - ymin); bias = mean(model - gt); pearson_r = correlation of interpolated curves; ks = max |model(x) - gt(x)|; integral_l1 = \u222b |model(x) - gt(x)| dx over overlap; x_overlap_ratio = overlap length / union length; x_misaligned = True when overlap too small to trust comparison."
}