{
  "pairs": [
    {
      "model_label": "series_1",
      "real_label": "Testosterone<0.35",
      "compare_mode": "interp",
      "points_compared": 601,
      "mae": 0.011148679140614603,
      "nmae": 0.061962063351863994,
      "bias": 0.009347454309019836,
      "pearson_r": 0.9900466045500073,
      "ks": 0.05400039032098469,
      "integral_l1": 5.567557816970371,
      "x_overlap_ratio": 0.9675026711260251,
      "x_misaligned": false,
      "excluded": {}
    },
    {
      "model_label": "series_2",
      "real_label": "0.7>Testosterone>=0.35",
      "compare_mode": "interp",
      "points_compared": 399,
      "mae": 0.011066954318608206,
      "nmae": 0.040981742000157834,
      "bias": 0.009658308283633243,
      "pearson_r": 0.9873532500125911,
      "ks": 0.08293315725903105,
      "integral_l1": 3.6743284066671276,
      "x_overlap_ratio": 0.985978856406476,
      "x_misaligned": false,
      "excluded": {}
    },
    {
      "model_label": "series_3",
      "real_label": "0.7<=Testosterone<1.7",
      "compare_mode": "interp",
      "points_compared": 67,
      "mae": 0.06403161398599871,
      "nmae": 0.12781263549426913,
      "bias": 0.01649925321459464,
      "pearson_r": 0.9104654038528578,
      "ks": 0.2681825485159316,
      "integral_l1": 3.5613972630820916,
      "x_overlap_ratio": 0.6976198934211292,
      "x_misaligned": false,
      "excluded": {}
    },
    {
      "model_label": "series_4",
      "real_label": "Testosterone>=1.7",
      "compare_mode": "interp",
      "points_compared": 96,
      "mae": 0.0026423215159373293,
      "nmae": 0.321042064186387,
      "bias": 0.00044517250291028695,
      "pearson_r": 0.6181894574342007,
      "ks": 0.005385573771434116,
      "integral_l1": 0.20779952804548735,
      "x_overlap_ratio": 0.9413868478252786,
      "x_misaligned": false,
      "excluded": {}
    }
  ],
  "unmatched_model_series": [],
  "unmatched_real_series": [],
  "overall_nmae": 0.13794962625816948,
  "overall_ks": 0.10262541746684536,
  "overall_integral_l1": 3.2527707536912693,
  "overall_x_misaligned": false,
  "ks_scaled_by_gt_max": 0.1035860459549843,
  "l1_scaled_by_gt_max": 3.273444292780741,
  "ks_scaled_by_gt_yrange": 0.9584005467615015,
  "l1_scaled_by_gt_yrange": 19.226536636957647,
  "model_series_count": 4,
  "gt_series_count": 4,
  "notes": "mae = mean absolute y-error on overlapping x-range; nmae = mae / (ymax - ymin); bias = mean(model - gt); pearson_r = correlation of interpolated curves; ks = max |model(x) - gt(x)|; integral_l1 = \u222b |model(x) - gt(x)| dx over overlap; x_overlap_ratio = overlap length / union length; x_misaligned = True when overlap too small to trust comparison."
}