{
  "pairs": [
    {
      "model_label": "< 20ng/dL",
      "real_label": "Testosterone<20UpToSixMonths",
      "compare_mode": "interp",
      "points_compared": 18,
      "mae": 0.07359376870885025,
      "nmae": 0.07359376870885025,
      "bias": -0.024885796000123844,
      "pearson_r": 0.8148216060873881,
      "ks": 0.6239999999961446,
      "integral_l1": 5.432032460619635,
      "x_overlap_ratio": 0.9111842105263158,
      "x_misaligned": false,
      "excluded": {
        "model_left": [
          0
        ],
        "model_right": [],
        "model_nan": [],
        "real_outside_overlap": 6
      }
    },
    {
      "model_label": "\u2265 20ng/dL",
      "real_label": "Testosterone>=20UpToSixMonths",
      "compare_mode": "interp",
      "points_compared": 17,
      "mae": 0.03827076353853662,
      "nmae": 0.06432061098913718,
      "bias": 0.026731589470000063,
      "pearson_r": 0.9491481811582473,
      "ks": 0.15769907919478565,
      "integral_l1": 3.629884722717436,
      "x_overlap_ratio": 0.9871244635193133,
      "x_misaligned": false,
      "excluded": {
        "model_left": [],
        "model_right": [
          17,
          18
        ],
        "model_nan": [],
        "real_outside_overlap": 0
      }
    }
  ],
  "unmatched_model_series": [],
  "unmatched_real_series": [],
  "overall_nmae": 0.06895718984899371,
  "overall_ks": 0.39084953959546515,
  "overall_integral_l1": 4.5309585916685355,
  "overall_x_misaligned": false,
  "ks_scaled_by_gt_max": 0.40716065837207055,
  "l1_scaled_by_gt_max": 4.683985741595725,
  "ks_scaled_by_gt_yrange": 0.5621839288888731,
  "l1_scaled_by_gt_yrange": 6.631237909597476,
  "model_series_count": 2,
  "gt_series_count": 2,
  "notes": "mae = mean absolute y-error on overlapping x-range; nmae = mae / (ymax - ymin); bias = mean(model - gt); pearson_r = correlation of interpolated curves; ks = max |model(x) - gt(x)|; integral_l1 = \u222b |model(x) - gt(x)| dx over overlap; x_overlap_ratio = overlap length / union length; x_misaligned = True when overlap too small to trust comparison."
}