{
  "pairs": [
    {
      "model_label": "s1_early_main",
      "real_label": "Early responders",
      "compare_mode": "interp",
      "points_compared": 13,
      "mae": 1.5717916951111677,
      "nmae": 0.0534481938470731,
      "bias": -0.6840361224258642,
      "pearson_r": 0.9554391867513556,
      "ks": 11.790069492741974,
      "integral_l1": 4.331994531443868,
      "x_overlap_ratio": 0.9722858610280882,
      "x_misaligned": false,
      "excluded": {}
    },
    {
      "model_label": "s2_dual_main",
      "real_label": "Dual Responders",
      "compare_mode": "interp",
      "points_compared": 13,
      "mae": 1.6986084198579081,
      "nmae": 0.07167564208766933,
      "bias": -0.9631076656326963,
      "pearson_r": 0.8992288726408467,
      "ks": 13.884734648536021,
      "integral_l1": 4.591774276865682,
      "x_overlap_ratio": 0.9740386700917834,
      "x_misaligned": false,
      "excluded": {}
    }
  ],
  "unmatched_model_series": [
    "s3_early_upper",
    "s4_early_lower",
    "s5_dual_upper",
    "s6_dual_lower"
  ],
  "unmatched_real_series": [],
  "overall_nmae": 0.0625619179673712,
  "overall_ks": 12.837402070638998,
  "overall_integral_l1": 4.461884404154775,
  "overall_x_misaligned": false,
  "ks_scaled_by_gt_max": -17.197401755794015,
  "l1_scaled_by_gt_max": -6.291164205186641,
  "ks_scaled_by_gt_yrange": 0.4153173151981038,
  "l1_scaled_by_gt_yrange": 0.17053275718125316,
  "model_series_count": 6,
  "gt_series_count": 2,
  "notes": "mae = mean absolute y-error on overlapping x-range; nmae = mae / (ymax - ymin); bias = mean(model - gt); pearson_r = correlation of interpolated curves; ks = max |model(x) - gt(x)|; integral_l1 = \u222b |model(x) - gt(x)| dx over overlap; x_overlap_ratio = overlap length / union length; x_misaligned = True when overlap too small to trust comparison."
}