{
  "pairs": [
    {
      "model_label": "1: NT <0.35 nmol/L",
      "real_label": "Testosterone<0.35",
      "compare_mode": "interp",
      "points_compared": 18,
      "mae": 0.01936698317995135,
      "nmae": 0.12153634707074812,
      "bias": 0.01501082324523447,
      "pearson_r": 0.9641258738922285,
      "ks": 0.04730498179517684,
      "integral_l1": 9.435398948163563,
      "x_overlap_ratio": 0.9748549323017408,
      "x_misaligned": false,
      "excluded": {}
    },
    {
      "model_label": "2: NT \u22650.35 to <0.7 nmol/L",
      "real_label": "0.7>Testosterone>=0.35",
      "compare_mode": "interp",
      "points_compared": 13,
      "mae": 0.04966130725276862,
      "nmae": 0.14188944929362463,
      "bias": -0.0490608520311889,
      "pearson_r": 0.9560703228542026,
      "ks": 0.11700806983550527,
      "integral_l1": 16.89857750546061,
      "x_overlap_ratio": 0.6499032882011605,
      "x_misaligned": false,
      "excluded": {}
    },
    {
      "model_label": "3: NT \u22650.7 to <1.7 nmol/L",
      "real_label": "0.7<=Testosterone<1.7",
      "compare_mode": "interp",
      "points_compared": 2,
      "mae": 0.009999005742930556,
      "nmae": 0.49995028714652734,
      "bias": 0.0027488998175029256,
      "pearson_r": 1.0,
      "ks": 0.012747905560433481,
      "integral_l1": 0.27997216080205556,
      "x_overlap_ratio": 0.4999999999999999,
      "x_misaligned": false,
      "excluded": {}
    },
    {
      "model_label": "4: NT \u22651.7 nmol/L",
      "real_label": "Testosterone>=1.7",
      "compare_mode": "interp",
      "points_compared": 2,
      "mae": 0.002880272629328051,
      "nmae": 0.7379715424652051,
      "bias": 0.002880272629328051,
      "pearson_r": NaN,
      "ks": 0.003902958940268153,
      "integral_l1": 0.16129526724237087,
      "x_overlap_ratio": 0.16247582205029013,
      "x_misaligned": true,
      "excluded": {}
    }
  ],
  "unmatched_model_series": [],
  "unmatched_real_series": [],
  "overall_nmae": 0.3753369064940263,
  "overall_ks": 0.045240979032845935,
  "overall_integral_l1": 6.69381097041715,
  "overall_x_misaligned": true,
  "ks_scaled_by_gt_max": 0.04849959900339868,
  "l1_scaled_by_gt_max": 6.787673485597576,
  "ks_scaled_by_gt_yrange": 0.6678491299720072,
  "l1_scaled_by_gt_yrange": 40.704486850573026,
  "model_series_count": 4,
  "gt_series_count": 4,
  "notes": "mae = mean absolute y-error on overlapping x-range; nmae = mae / (ymax - ymin); bias = mean(model - gt); pearson_r = correlation of interpolated curves; ks = max |model(x) - gt(x)|; integral_l1 = \u222b |model(x) - gt(x)| dx over overlap; x_overlap_ratio = overlap length / union length; x_misaligned = True when overlap too small to trust comparison."
}