{
  "pairs": [
    {
      "model_label": "series_1",
      "real_label": "Testosterone<=0.7",
      "compare_mode": "interp",
      "points_compared": 442,
      "mae": 0.6331363839366904,
      "nmae": 0.011176597733534148,
      "bias": 0.5856691965370807,
      "pearson_r": 0.9993498371630135,
      "ks": 3.642568569232438,
      "integral_l1": 6.475111723303825,
      "x_overlap_ratio": 0.9336756266988834,
      "x_misaligned": false,
      "excluded": {}
    },
    {
      "model_label": "series_2",
      "real_label": "0.7 < Testosterone < 1.7",
      "compare_mode": "interp",
      "points_compared": 463,
      "mae": 0.7379526336186298,
      "nmae": 0.014717826268259815,
      "bias": 0.5054751871338568,
      "pearson_r": 0.9985616939070443,
      "ks": 5.9834842777264186,
      "integral_l1": 7.920327798660067,
      "x_overlap_ratio": 0.9861204115176231,
      "x_misaligned": false,
      "excluded": {}
    },
    {
      "model_label": "series_3",
      "real_label": "Testosterone>=1.7",
      "compare_mode": "interp",
      "points_compared": 341,
      "mae": 1.08388375338444,
      "nmae": 0.016195205724820493,
      "bias": 0.047722825618172766,
      "pearson_r": 0.9968545315651296,
      "ks": 11.010941340633742,
      "integral_l1": 8.576300848588506,
      "x_overlap_ratio": 0.9565147496181968,
      "x_misaligned": false,
      "excluded": {}
    }
  ],
  "unmatched_model_series": [],
  "unmatched_real_series": [],
  "overall_nmae": 0.01402987657553815,
  "overall_ks": 6.878998062530866,
  "overall_integral_l1": 7.657246790184132,
  "overall_x_misaligned": false,
  "ks_scaled_by_gt_max": 0.06896613739793532,
  "l1_scaled_by_gt_max": 0.07687083228801134,
  "ks_scaled_by_gt_yrange": 0.117142114150029,
  "l1_scaled_by_gt_yrange": 0.13347107438709846,
  "model_series_count": 3,
  "gt_series_count": 3,
  "notes": "mae = mean absolute y-error on overlapping x-range; nmae = mae / (ymax - ymin); bias = mean(model - gt); pearson_r = correlation of interpolated curves; ks = max |model(x) - gt(x)|; integral_l1 = \u222b |model(x) - gt(x)| dx over overlap; x_overlap_ratio = overlap length / union length; x_misaligned = True when overlap too small to trust comparison."
}