{
  "pairs": [
    {
      "model_label": "series_1",
      "real_label": "Testosterone20-50",
      "compare_mode": "interp",
      "points_compared": 21,
      "mae": 0.0029138030731018505,
      "nmae": 0.02286233020255665,
      "bias": -0.0015421570026101683,
      "pearson_r": 0.9962043984468558,
      "ks": 0.010895880506109124,
      "integral_l1": 0.026407983752872875,
      "x_overlap_ratio": 0.9249340396805863,
      "x_misaligned": false,
      "excluded": {
        "model_left": [
          0
        ],
        "model_right": [
          22
        ],
        "model_nan": [],
        "real_outside_overlap": 0
      }
    },
    {
      "model_label": "series_2",
      "real_label": "Testosterone<20",
      "compare_mode": "interp",
      "points_compared": 16,
      "mae": 0.00455277267292482,
      "nmae": 0.06200031373650834,
      "bias": -0.00455277267292482,
      "pearson_r": 0.9905253507378442,
      "ks": 0.012511308451232087,
      "integral_l1": 0.04309880746266402,
      "x_overlap_ratio": 0.971220793217373,
      "x_misaligned": false,
      "excluded": {
        "model_left": [
          0
        ],
        "model_right": [
          17
        ],
        "model_nan": [],
        "real_outside_overlap": 0
      }
    }
  ],
  "unmatched_model_series": [],
  "unmatched_real_series": [],
  "overall_nmae": 0.0424313219695325,
  "overall_ks": 0.011703594478670604,
  "overall_integral_l1": 0.034753395607768446,
  "overall_x_misaligned": false,
  "ks_scaled_by_gt_max": 0.12732521504463123,
  "l1_scaled_by_gt_max": 0.3954183247147659,
  "ks_scaled_by_gt_yrange": 0.12858393175503066,
  "l1_scaled_by_gt_yrange": 0.3986468994413802,
  "model_series_count": 2,
  "gt_series_count": 2,
  "notes": "mae = mean absolute y-error on overlapping x-range; nmae = mae / (ymax - ymin); bias = mean(model - gt); pearson_r = correlation of interpolated curves; ks = max |model(x) - gt(x)|; integral_l1 = \u222b |model(x) - gt(x)| dx over overlap; x_overlap_ratio = overlap length / union length; x_misaligned = True when overlap too small to trust comparison."
}